Timestamp,"Concorda que está suficientemente informado(a) a respeito da pesquisa que será realizada e concorda de livre e espontânea vontade em participar, como participante ?",Qual o seu curso de graduação? (UFCG - Polo na Sede),Aspectos relacionados à disciplina [Relevância desta disciplina para o desenvolvimento profissional/pessoal.],Aspectos relacionados à disciplina [Relação desta disciplina com as demais do curso.],Aspectos relacionados à disciplina [Organização do plano da disciplina.],Aspectos relacionados à disciplina [Indicação de textos e de outros materiais de estudo.],Aspectos relacionados à disciplina [Contribuição da disciplina para o desenvolvimento da sua capacidade de aprender e atualizar-se permanentemente.],Aspectos relacionados à disciplina [Contribuição da disciplina para suprir as necessidades básicas computacionais requeridas para minha formação.],Ação de ensino do professor [Clareza no desenvolvimento do conteúdo.],Ação de ensino do professor [Procedimentos didáticos.],Ação de ensino do professor [Reflexão sobre os resultados da atividades de avaliação desta disciplina.],Ação de ensino do professor [Contribuição para um ambiente favorável à aprendizagem.],Ação de ensino do professor [Aproveitamento do tempo da aula.],Autoavaliação dos alunos [Utilização dos materiais de estudo indicados.],Autoavaliação dos alunos [Motivação para aprender mais.],Autoavaliação dos alunos [Contribuição como aluno para um ambiente favorável à aprendizagem.],Autoavaliação dos alunos [Contribuição da turma para um ambiente favorável à aprendizagem..],Alguma crítica que queira mencionar ao processo de aprendizagem desta disciplina? Forneça apenas comentários que motivem mudanças.,Você pode destacar algo que percebeu como positivo para o seu aprendizado durante o processo de aprendizagem na disciplina?
4/29/2020 19:43:59,Sim,ENGENHARIA DE PRODUÇÃO - Diurno,"Nem satisfeito, nem insatisfeito",Mais ou menos insatisfeito,"Nem satisfeito, nem insatisfeito",Mais ou menos satisfeito,"Nem satisfeito, nem insatisfeito",Mais ou menos satisfeito,Mais ou menos satisfeito,"Nem satisfeito, nem insatisfeito",Mais ou menos insatisfeito,Mais ou menos satisfeito,,"Nem satisfeito, nem insatisfeito",,Mais ou menos satisfeito,Muito satisfeito,,
4/30/2020 11:02:40,Sim,ENGENHARIA CIVIL - Diurno,Muito satisfeito,Mais ou menos insatisfeito,Mais ou menos insatisfeito,Mais ou menos insatisfeito,Mais ou menos insatisfeito,Mais ou menos insatisfeito,Muito insatisfeito,Muito insatisfeito,Muito insatisfeito,Muito insatisfeito,Muito insatisfeito,Mais ou menos insatisfeito,Mais ou menos satisfeito,Mais ou menos satisfeito,Mais ou menos satisfeito,"O professor não conseguiu passar realmente a importância da material, assim como os melhores meio de utilizá-la no âmbito profissional. Foi um ensino vago, sem muitas atividades interessantes, sem muitas dinâmicas que ajudassem a preparar o aluno para o profissional. ","A vontade de aprender é notória na maioria dos alunos, porém nem sempre a vontade de ensinar se vê no professor, ou o mesmo simplesmente não sabe lecionar. Nem sempre um bom profissional pode se tornar um bom professor. "
4/30/2020 11:02:55,Sim,ENGENHARIA CIVIL - Diurno,Mais ou menos satisfeito,Mais ou menos satisfeito,Mais ou menos insatisfeito,Mais ou menos insatisfeito,"Nem satisfeito, nem insatisfeito","Nem satisfeito, nem insatisfeito",Mais ou menos insatisfeito,Muito insatisfeito,Muito insatisfeito,Muito insatisfeito,Mais ou menos satisfeito,"Nem satisfeito, nem insatisfeito",Mais ou menos insatisfeito,Mais ou menos satisfeito,Mais ou menos satisfeito,Os métodos didáticos deveriam melhorar,
4/30/2020 11:08:19,Sim,ENGENHARIA DE MINAS - Diurno,Muito satisfeito,Mais ou menos satisfeito,Muito satisfeito,Mais ou menos satisfeito,Muito satisfeito,Mais ou menos satisfeito,Muito satisfeito,Mais ou menos satisfeito,Mais ou menos satisfeito,Muito satisfeito,Muito satisfeito,Mais ou menos satisfeito,Mais ou menos satisfeito,Mais ou menos satisfeito,Mais ou menos satisfeito,,Aprender uma linguagem de programação atual.(c++)
4/30/2020 11:09:59,Sim,ENGENHARIA CIVIL - Diurno,"Nem satisfeito, nem insatisfeito",Mais ou menos insatisfeito,Mais ou menos insatisfeito,"Nem satisfeito, nem insatisfeito",Mais ou menos insatisfeito,"Nem satisfeito, nem insatisfeito",Mais ou menos insatisfeito,Mais ou menos insatisfeito,"Nem satisfeito, nem insatisfeito",Mais ou menos insatisfeito,"Nem satisfeito, nem insatisfeito",Mais ou menos insatisfeito,Muito insatisfeito,"Nem satisfeito, nem insatisfeito",Mais ou menos satisfeito,"Em minha opinião o plano de curso e metodologia deveriam ser revistos e alterados de forma a contemplar um conteúdo direcionado ao curso ao qual o aluno faz parte. (No caso das engenharias, se não for o caso de separar as turmas por ""tipo"" de engenharia, ao menos criar um assunto voltado a engenharia como um todo).",O curso me proporcionou conhecer muitos atalhos e técnicas de Excel.
4/30/2020 11:20:59,Sim,ENGENHARIA CIVIL - Diurno,Mais ou menos satisfeito,"Nem satisfeito, nem insatisfeito","Nem satisfeito, nem insatisfeito",Mais ou menos insatisfeito,"Nem satisfeito, nem insatisfeito",Mais ou menos satisfeito,Mais ou menos insatisfeito,Mais ou menos insatisfeito,Muito insatisfeito,Mais ou menos satisfeito,"Nem satisfeito, nem insatisfeito",Mais ou menos satisfeito,Mais ou menos satisfeito,Muito satisfeito,Muito satisfeito,"De preferência coloquem professores capacitados para dar aula, tive uma péssima experiência com o professor x",O laboratório novo e climatizado ajudou bastante
4/30/2020 11:46:39,Sim,ENGENHARIA CIVIL - Diurno,Mais ou menos satisfeito,"Nem satisfeito, nem insatisfeito","Nem satisfeito, nem insatisfeito",Mais ou menos insatisfeito,Mais ou menos satisfeito,"Nem satisfeito, nem insatisfeito","Nem satisfeito, nem insatisfeito","Nem satisfeito, nem insatisfeito",Mais ou menos satisfeito,Mais ou menos insatisfeito,Mais ou menos satisfeito,Mais ou menos satisfeito,"Nem satisfeito, nem insatisfeito",Mais ou menos satisfeito,"Nem satisfeito, nem insatisfeito",Poderia ter aplicações diretas fo uso do Excel e da programação na profissão de engenharia civil. Sugiro algum trabalho que possa colocar o aluno mais próximo dessa aplicação na sua profissão. ,Consegui ter noções básicas do uso do Excel
4/30/2020 11:51:07,Sim,ENGENHARIA CIVIL - Diurno,Muito satisfeito,Muito satisfeito,Muito satisfeito,Mais ou menos satisfeito,Mais ou menos satisfeito,Mais ou menos satisfeito,Muito satisfeito,Muito satisfeito,,Muito satisfeito,Muito satisfeito,Muito satisfeito,Muito satisfeito,Muito satisfeito,Muito satisfeito,,
4/30/2020 14:13:51,Sim,ENGENHARIA MEC NICA - Diurno,Muito satisfeito,Mais ou menos satisfeito,Mais ou menos satisfeito,"Nem satisfeito, nem insatisfeito",Mais ou menos satisfeito,Mais ou menos satisfeito,Muito satisfeito,Mais ou menos satisfeito,"Nem satisfeito, nem insatisfeito",Mais ou menos insatisfeito,"Nem satisfeito, nem insatisfeito",Mais ou menos satisfeito,"Nem satisfeito, nem insatisfeito","Nem satisfeito, nem insatisfeito",Mais ou menos insatisfeito,,
4/30/2020 14:40:17,Sim,ENGENHARIA MEC NICA - Diurno,Muito satisfeito,Mais ou menos satisfeito,Muito satisfeito,Mais ou menos satisfeito,Muito satisfeito,Muito satisfeito,Mais ou menos satisfeito,Muito satisfeito,Muito satisfeito,Muito satisfeito,Muito satisfeito,Mais ou menos satisfeito,Muito satisfeito,Muito satisfeito,Mais ou menos satisfeito,O fornecimento de mais materiais de estudo,"Nos permitiu enxergar novos conhecimentos acerca de computação, além de aprofundar os mesmos"
4/30/2020 15:08:36,Sim,ENGENHARIA MECANICA - Diurno,Mais ou menos satisfeito,Mais ou menos satisfeito,Muito satisfeito,Muito satisfeito,"Nem satisfeito, nem insatisfeito","Nem satisfeito, nem insatisfeito",Muito satisfeito,Muito satisfeito,Muito satisfeito,Muito satisfeito,Muito satisfeito,Mais ou menos satisfeito,Mais ou menos satisfeito,Muito satisfeito,Mais ou menos satisfeito,Não,As aulas teóricas foram acompanhadas de aulas de exercícios esclarecedoras que ajudaram a fixar bem o assunto 
4/30/2020 15:38:09,Sim,FÍSICA (LIC) - Diurno,Muito satisfeito,Muito satisfeito,Muito satisfeito,Muito satisfeito,Muito satisfeito,Muito satisfeito,Muito satisfeito,Muito satisfeito,Muito satisfeito,Muito satisfeito,Muito satisfeito,Muito satisfeito,Muito satisfeito,Muito satisfeito,Muito satisfeito,"Tive uma turma extra na qual não foi possível a utilização de computadores como as demais turmas do período, mas acredito que aprendi 100% mais fazendo os programas a mão. Sem dúvidas foi um das melhores cadeiras que paguei","Vários exercícios propostos e a ótima aula do professor y, além de explicar super bem, tem um carisma e preocupação com os alunos."
4/30/2020 16:25:45,Sim,FÍSICA (LIC) - Diurno,Mais ou menos satisfeito,"Nem satisfeito, nem insatisfeito",Mais ou menos satisfeito,"Nem satisfeito, nem insatisfeito",Mais ou menos insatisfeito,"Nem satisfeito, nem insatisfeito",Mais ou menos satisfeito,Mais ou menos satisfeito,"Nem satisfeito, nem insatisfeito",Mais ou menos satisfeito,Mais ou menos satisfeito,Muito satisfeito,Mais ou menos satisfeito,Mais ou menos satisfeito,Mais ou menos satisfeito,,
4/30/2020 16:43:40,Sim,FÍSICA (BAC) - Diurno,"Nem satisfeito, nem insatisfeito",Mais ou menos insatisfeito,Mais ou menos satisfeito,Mais ou menos insatisfeito,Mais ou menos satisfeito,Mais ou menos insatisfeito,Mais ou menos satisfeito,Mais ou menos satisfeito,Mais ou menos satisfeito,Muito satisfeito,Muito satisfeito,Mais ou menos satisfeito,"Nem satisfeito, nem insatisfeito",Mais ou menos satisfeito,Mais ou menos insatisfeito,,
4/30/2020 18:00:38,Sim,ENGENHARIA DE PRODUÇÃO - Diurno,Muito satisfeito,Mais ou menos satisfeito,Mais ou menos satisfeito,"Nem satisfeito, nem insatisfeito",Muito satisfeito,Mais ou menos satisfeito,Muito satisfeito,Mais ou menos satisfeito,Mais ou menos satisfeito,Muito satisfeito,Muito satisfeito,Mais ou menos satisfeito,Mais ou menos satisfeito,Muito satisfeito,Muito satisfeito,,
4/30/2020 18:12:40,Sim,ENGENHARIA MECANICA - Diurno,Mais ou menos satisfeito,Mais ou menos satisfeito,Mais ou menos satisfeito,Muito satisfeito,Mais ou menos satisfeito,Muito satisfeito,Muito satisfeito,Muito satisfeito,Mais ou menos satisfeito,Mais ou menos satisfeito,Muito satisfeito,Muito satisfeito,"Nem satisfeito, nem insatisfeito",Muito satisfeito,Muito satisfeito,"Apenas o temperamento do professor x, que tem uma boa didática mas peca nesse quesito.",O fato de sempre terem exercícios associados às aulas.
4/30/2020 18:18:10,Sim,MATEMÁTICA (LIC) - Diurno,"Nem satisfeito, nem insatisfeito",Muito insatisfeito,"Nem satisfeito, nem insatisfeito",Muito insatisfeito,"Nem satisfeito, nem insatisfeito",Mais ou menos satisfeito,Muito insatisfeito,Muito insatisfeito,Muito insatisfeito,Muito insatisfeito,Muito insatisfeito,"Nem satisfeito, nem insatisfeito",Mais ou menos insatisfeito,"Nem satisfeito, nem insatisfeito","Nem satisfeito, nem insatisfeito",,
5/1/2020 8:08:48,Sim,MATEMÁTICA (LIC) - Diurno,Mais ou menos satisfeito,"Nem satisfeito, nem insatisfeito",Mais ou menos satisfeito,Mais ou menos satisfeito,Mais ou menos satisfeito,Mais ou menos satisfeito,Mais ou menos satisfeito,Mais ou menos satisfeito,Mais ou menos satisfeito,Mais ou menos satisfeito,Muito satisfeito,Muito satisfeito,Muito satisfeito,Muito satisfeito,Mais ou menos satisfeito,,Realizar trabalhos sobre a computação na nossa vida
5/1/2020 13:03:01,Sim,ENGENHARIA CIVIL - Diurno,Muito satisfeito,Mais ou menos insatisfeito,Mais ou menos insatisfeito,Muito insatisfeito,Mais ou menos satisfeito,Mais ou menos insatisfeito,Mais ou menos insatisfeito,Mais ou menos insatisfeito,Mais ou menos insatisfeito,"Nem satisfeito, nem insatisfeito",Mais ou menos satisfeito,Mais ou menos satisfeito,"Nem satisfeito, nem insatisfeito",Mais ou menos satisfeito,Mais ou menos satisfeito,"Talvez uma proposta prática mais atual e que se aproxime mais da realidade profissional (como a montagem de planilhas com dados reais). A cadeira é a mesma para todas as disciplinas. Isso facilita o trabalho do professor mas empobrece o aprendizado profissional. Por exemplo: As planilhas do setor da construção (orçamento, gerenciamento) trazem problemas diferentes dos problemas que surgem na elaboração de planilhas na área da computação. O professor pode, e deve procurar se aprofundar UM POUCO MAIS (se tratando de uma cadeira introdutória) da área dos estudantes, isso traz resultados positivos de maior interesse e aproveitamento dos conteúdos.","Despertou o interesse a querer saber melhor manusear as ferramentas de organização, não só na disciplina, mas também no dia a dia (excel)"
5/1/2020 15:32:03,Sim,ENGENHARIA DE ALIMENTOS - Diurno,Mais ou menos satisfeito,"Nem satisfeito, nem insatisfeito",Muito satisfeito,Mais ou menos satisfeito,Mais ou menos satisfeito,Muito satisfeito,Mais ou menos satisfeito,Muito insatisfeito,Muito insatisfeito,Mais ou menos satisfeito,"Nem satisfeito, nem insatisfeito","Nem satisfeito, nem insatisfeito",Mais ou menos satisfeito,Mais ou menos satisfeito,Mais ou menos satisfeito,Metodologia e avaliação do professor foram horríveis. ,
5/1/2020 17:50:37,Sim,ENGENHARIA DE MATERIAIS - Diurno,Mais ou menos satisfeito,Mais ou menos insatisfeito,"Nem satisfeito, nem insatisfeito",Muito insatisfeito,Mais ou menos satisfeito,Mais ou menos satisfeito,Mais ou menos satisfeito,Mais ou menos satisfeito,Mais ou menos satisfeito,Muito satisfeito,Muito satisfeito,Mais ou menos satisfeito,Mais ou menos satisfeito,"Nem satisfeito, nem insatisfeito","Nem satisfeito, nem insatisfeito",Focar em planilhas ,
5/1/2020 19:18:50,Sim,ENGENHARIA DE ALIMENTOS - Diurno,Mais ou menos satisfeito,Mais ou menos satisfeito,Mais ou menos satisfeito,"Nem satisfeito, nem insatisfeito",Muito satisfeito,Muito satisfeito,Muito satisfeito,Muito satisfeito,Mais ou menos satisfeito,Mais ou menos satisfeito,Muito satisfeito,Mais ou menos satisfeito,Muito satisfeito,Muito satisfeito,Muito satisfeito,,
5/1/2020 20:15:39,Sim,ENGENHARIA DE ALIMENTOS - Diurno,Mais ou menos satisfeito,Mais ou menos satisfeito,"Nem satisfeito, nem insatisfeito",Mais ou menos satisfeito,Muito satisfeito,Muito satisfeito,Mais ou menos satisfeito,Mais ou menos satisfeito,Mais ou menos satisfeito,Mais ou menos satisfeito,Mais ou menos satisfeito,Mais ou menos satisfeito,Mais ou menos satisfeito,Mais ou menos satisfeito,Mais ou menos satisfeito,Mais aulas de Excel ,Excel
5/1/2020 21:42:40,Sim,ENGENHARIA DE ALIMENTOS - Diurno,Mais ou menos satisfeito,Mais ou menos satisfeito,"Nem satisfeito, nem insatisfeito",Mais ou menos insatisfeito,"Nem satisfeito, nem insatisfeito","Nem satisfeito, nem insatisfeito","Nem satisfeito, nem insatisfeito",Mais ou menos insatisfeito,"Nem satisfeito, nem insatisfeito","Nem satisfeito, nem insatisfeito",Mais ou menos satisfeito,"Nem satisfeito, nem insatisfeito",Mais ou menos insatisfeito,"Nem satisfeito, nem insatisfeito","Nem satisfeito, nem insatisfeito","Deveriam trabalhar mais com a prática do que é ensinado na teoria, e fazer com que a maior porcentagem de alunos consigam emtender o assunto.",
5/2/2020 12:22:40,Sim,ENGENHARIA DE ALIMENTOS - Diurno,Muito satisfeito,Mais ou menos satisfeito,Mais ou menos satisfeito,Mais ou menos satisfeito,Muito satisfeito,Muito satisfeito,Mais ou menos satisfeito,Mais ou menos satisfeito,Mais ou menos satisfeito,Mais ou menos satisfeito,Mais ou menos satisfeito,Mais ou menos satisfeito,"Nem satisfeito, nem insatisfeito",Mais ou menos satisfeito,Mais ou menos satisfeito,,A plataforma que é parecida com o excerl vai ajudar muito no meu trabalho
5/2/2020 20:39:16,Sim,ENGENHARIA MECANICA - Diurno,"Nem satisfeito, nem insatisfeito","Nem satisfeito, nem insatisfeito",Muito insatisfeito,Mais ou menos insatisfeito,"Nem satisfeito, nem insatisfeito",Muito insatisfeito,Muito satisfeito,Muito satisfeito,Muito satisfeito,Muito satisfeito,Muito satisfeito,Muito insatisfeito,Mais ou menos insatisfeito,Mais ou menos insatisfeito,Mais ou menos insatisfeito,,
5/3/2020 9:05:58,Sim,ENGENHARIA CIVIL - Diurno,Muito satisfeito,Mais ou menos satisfeito,Muito satisfeito,Mais ou menos satisfeito,Muito satisfeito,Muito satisfeito,"Nem satisfeito, nem insatisfeito",Mais ou menos satisfeito,Muito satisfeito,Muito satisfeito,Muito satisfeito,Mais ou menos satisfeito,Muito satisfeito,Muito satisfeito,Muito satisfeito,,O estimulo de diversos exercícios de programação enviados pelo site auxilia na fixação do assunto
5/3/2020 12:39:27,Sim,ENGENHARIA MECANICA - Diurno,Muito satisfeito,"Nem satisfeito, nem insatisfeito",Mais ou menos satisfeito,Mais ou menos satisfeito,Muito satisfeito,Mais ou menos satisfeito,Muito satisfeito,Muito satisfeito,Muito satisfeito,Muito satisfeito,Muito satisfeito,Mais ou menos satisfeito,Muito satisfeito,Muito satisfeito,"Nem satisfeito, nem insatisfeito",Não,O aprendizado dessa disciplina me fez querer aprender diversas linguagens de programação e ser uma pessoa apaixonada por esse ramo que é a programação
5/3/2020 13:22:36,Sim,ENGENHARIA DE PRODUÇÃO - Diurno,Muito satisfeito,Mais ou menos satisfeito,Mais ou menos insatisfeito,"Nem satisfeito, nem insatisfeito",Mais ou menos insatisfeito,Mais ou menos insatisfeito,Muito satisfeito,Muito satisfeito,Mais ou menos satisfeito,Muito satisfeito,Muito satisfeito,Muito satisfeito,Muito satisfeito,Muito satisfeito,Muito satisfeito,"Quando cursei, o software que foi ensinado foi o Fortran, atualmente não utilizo em nada, acredito que para a área de produção, a introdução ao Python seria bem melhor.",A dinâmica de ensino do professor
5/3/2020 13:56:18,Sim,ENGENHARIA MECANICA - Diurno,Muito satisfeito,Mais ou menos satisfeito,"Nem satisfeito, nem insatisfeito","Nem satisfeito, nem insatisfeito",Muito satisfeito,Muito satisfeito,Mais ou menos satisfeito,Mais ou menos satisfeito,"Nem satisfeito, nem insatisfeito",Mais ou menos insatisfeito,Mais ou menos satisfeito,Mais ou menos satisfeito,Mais ou menos satisfeito,Muito satisfeito,Muito satisfeito,Talvez a paciência que alguns professores deveriam ter para ensinar... ,A necessidade de colocar em prática sua criatividade para contornar um problema.
5/3/2020 15:06:03,Sim,ENGENHARIA DE MATERIAIS - Diurno,"Nem satisfeito, nem insatisfeito",Mais ou menos satisfeito,Mais ou menos satisfeito,Mais ou menos insatisfeito,Mais ou menos satisfeito,Mais ou menos satisfeito,Mais ou menos satisfeito,Mais ou menos insatisfeito,Mais ou menos satisfeito,Mais ou menos insatisfeito,Mais ou menos satisfeito,Muito satisfeito,"Nem satisfeito, nem insatisfeito",Mais ou menos satisfeito,Mais ou menos satisfeito,,
5/3/2020 15:21:24,Sim,ENGENHARIA CIVIL - Diurno,Mais ou menos satisfeito,"Nem satisfeito, nem insatisfeito",Mais ou menos satisfeito,Mais ou menos insatisfeito,"Nem satisfeito, nem insatisfeito","Nem satisfeito, nem insatisfeito",Mais ou menos satisfeito,"Nem satisfeito, nem insatisfeito","Nem satisfeito, nem insatisfeito",Muito satisfeito,Mais ou menos satisfeito,Mais ou menos satisfeito,Mais ou menos satisfeito,Muito satisfeito,Mais ou menos satisfeito,,"O professor contribuiu na aprendizagem e, sem dúvidas, a monitoria que é essencial na disciplina. "
5/3/2020 20:54:48,Sim,METEOROLOGIA - Diurno,Mais ou menos insatisfeito,Muito insatisfeito,Mais ou menos insatisfeito,Mais ou menos insatisfeito,Mais ou menos insatisfeito,Mais ou menos insatisfeito,Mais ou menos insatisfeito,Mais ou menos insatisfeito,Mais ou menos insatisfeito,Mais ou menos satisfeito,Mais ou menos satisfeito,"Nem satisfeito, nem insatisfeito",Muito insatisfeito,Mais ou menos satisfeito,Mais ou menos satisfeito,"Turmas muito grandes, professores  bons mais deixam muito a desejar na hora do ensino individual pela linguagem muito formal, ferramentas de ensino muito vagas e em questão  a avaliação  reprovações muito indecentes quando 1 pontos ou 0.5 pontos tendo em vista que a disciplina é bastante difícil. ","A criação  de dados, números  em tabelas."
5/3/2020 22:47:34,Sim,ENGENHARIA CIVIL - Diurno,Mais ou menos satisfeito,Mais ou menos insatisfeito,"Nem satisfeito, nem insatisfeito","Nem satisfeito, nem insatisfeito","Nem satisfeito, nem insatisfeito",Mais ou menos insatisfeito,Muito insatisfeito,Muito insatisfeito,Muito insatisfeito,Muito insatisfeito,Muito insatisfeito,"Nem satisfeito, nem insatisfeito",Mais ou menos insatisfeito,Mais ou menos satisfeito,Mais ou menos satisfeito,O docente,As possibilidades que a CC oferece
5/7/2020 9:12:32,Sim,ENGENHARIA CIVIL - Diurno,Mais ou menos satisfeito,"Nem satisfeito, nem insatisfeito",Mais ou menos satisfeito,Mais ou menos insatisfeito,Muito satisfeito,"Nem satisfeito, nem insatisfeito",Mais ou menos satisfeito,Mais ou menos satisfeito,Mais ou menos satisfeito,"Nem satisfeito, nem insatisfeito",Mais ou menos satisfeito,Mais ou menos satisfeito,Mais ou menos satisfeito,"Nem satisfeito, nem insatisfeito",Mais ou menos insatisfeito,,
5/25/2020 11:36:22,Sim,FÍSICA (BAC) - Diurno,Muito insatisfeito,Muito insatisfeito,Muito insatisfeito,Mais ou menos satisfeito,Mais ou menos satisfeito,Muito insatisfeito,Muito insatisfeito,Muito insatisfeito,Muito insatisfeito,Muito insatisfeito,Muito insatisfeito,"Nem satisfeito, nem insatisfeito",Mais ou menos satisfeito,Muito satisfeito,Mais ou menos satisfeito,,
5/25/2020 11:42:57,Sim,FÍSICA (LIC) - Diurno,Muito satisfeito,Muito satisfeito,Muito satisfeito,Muito satisfeito,Muito satisfeito,Muito satisfeito,Muito satisfeito,Muito satisfeito,Muito satisfeito,Muito satisfeito,Muito satisfeito,Muito satisfeito,Muito satisfeito,Muito satisfeito,Muito satisfeito,,"Aprendi muito, sem dúvidas uma das melhores disciplinas que paguei, se não a melhor"
5/25/2020 11:55:28,Sim,FÍSICA (LIC) - Diurno,Muito satisfeito,Muito satisfeito,Muito satisfeito,Muito satisfeito,Muito satisfeito,Muito satisfeito,Muito satisfeito,Muito satisfeito,Muito satisfeito,Muito satisfeito,Muito satisfeito,Muito satisfeito,Muito satisfeito,Muito satisfeito,Muito satisfeito,,"As aulas no laboratório de informática acompanhadas pelos monitores e o professor contribuiu muito para o meu aprendizado. Posso destacar também as atividades que o professor fazia em sala, onde os alunos formavam grupos para debater e resolver problemas de programação."
5/25/2020 12:57:11,Sim,FÍSICA (LIC) - Diurno,Mais ou menos satisfeito,"Nem satisfeito, nem insatisfeito",Mais ou menos satisfeito,Mais ou menos insatisfeito,Mais ou menos satisfeito,Mais ou menos satisfeito,Mais ou menos satisfeito,Mais ou menos satisfeito,"Nem satisfeito, nem insatisfeito",Mais ou menos satisfeito,Mais ou menos satisfeito,"Nem satisfeito, nem insatisfeito","Nem satisfeito, nem insatisfeito",Mais ou menos satisfeito,Mais ou menos satisfeito,,
5/25/2020 12:58:08,Sim,FÍSICA (BAC) - Diurno,Muito satisfeito,Mais ou menos satisfeito,Muito satisfeito,Muito satisfeito,Muito satisfeito,Muito satisfeito,Muito satisfeito,Muito satisfeito,Muito satisfeito,Muito satisfeito,Muito satisfeito,Muito satisfeito,Muito satisfeito,Muito satisfeito,Muito satisfeito,,"O ambiente é bom, é amigável, permite uma boa interação entre alunos com alunos e alunos com professor."
5/25/2020 20:24:56,Sim,FÍSICA (LIC) - Diurno,Mais ou menos satisfeito,Muito satisfeito,"Nem satisfeito, nem insatisfeito",Muito satisfeito,Mais ou menos satisfeito,Muito satisfeito,Mais ou menos satisfeito,Muito satisfeito,Mais ou menos satisfeito,Mais ou menos satisfeito,Muito satisfeito,"Nem satisfeito, nem insatisfeito","Nem satisfeito, nem insatisfeito","Nem satisfeito, nem insatisfeito","Nem satisfeito, nem insatisfeito",A presença de 2 ou mais monitores nas aulas seria fundamental para atender as dificuldades iniciais dos alunos.,Programação cresce diariamente e a sua importância para qualquer curso é indiscutível.
5/25/2020 20:25:41,Sim,FÍSICA (BAC) - Diurno,Muito satisfeito,"Nem satisfeito, nem insatisfeito",Mais ou menos satisfeito,Mais ou menos satisfeito,Muito satisfeito,Mais ou menos satisfeito,Muito satisfeito,Muito satisfeito,Muito satisfeito,Mais ou menos satisfeito,Mais ou menos satisfeito,Mais ou menos satisfeito,Mais ou menos satisfeito,Muito satisfeito,Mais ou menos satisfeito,,
5/25/2020 20:56:15,Sim,FÍSICA (LIC) - Diurno,Muito satisfeito,Mais ou menos insatisfeito,Muito satisfeito,Mais ou menos satisfeito,Muito satisfeito,Mais ou menos satisfeito,Mais ou menos satisfeito,Mais ou menos satisfeito,Mais ou menos satisfeito,"Nem satisfeito, nem insatisfeito",Mais ou menos satisfeito,Muito insatisfeito,"Nem satisfeito, nem insatisfeito",Mais ou menos satisfeito,Mais ou menos satisfeito,,
5/25/2020 20:57:39,Sim,FÍSICA (BAC) - Diurno,Muito satisfeito,Mais ou menos satisfeito,Mais ou menos satisfeito,"Nem satisfeito, nem insatisfeito",Mais ou menos satisfeito,Mais ou menos satisfeito,Mais ou menos satisfeito,"Nem satisfeito, nem insatisfeito","Nem satisfeito, nem insatisfeito",Mais ou menos satisfeito,Mais ou menos satisfeito,Mais ou menos satisfeito,Mais ou menos satisfeito,"Nem satisfeito, nem insatisfeito","Nem satisfeito, nem insatisfeito",,
5/25/2020 21:51:30,Sim,FÍSICA (BAC) - Diurno,Muito satisfeito,Muito satisfeito,Mais ou menos insatisfeito,Mais ou menos insatisfeito,Muito satisfeito,Muito satisfeito,Muito satisfeito,Muito satisfeito,Muito satisfeito,Muito satisfeito,Muito satisfeito,Muito satisfeito,Muito satisfeito,Muito satisfeito,Muito satisfeito,,Ter uma noção clara do que era programação.
5/26/2020 8:42:10,Sim,FÍSICA (LIC) - Diurno,Mais ou menos satisfeito,"Nem satisfeito, nem insatisfeito","Nem satisfeito, nem insatisfeito",Muito insatisfeito,Mais ou menos insatisfeito,Muito insatisfeito,Mais ou menos satisfeito,"Nem satisfeito, nem insatisfeito",Mais ou menos insatisfeito,"Nem satisfeito, nem insatisfeito",Mais ou menos insatisfeito,Mais ou menos insatisfeito,"Nem satisfeito, nem insatisfeito","Nem satisfeito, nem insatisfeito","Nem satisfeito, nem insatisfeito",,Dirlididi 
5/26/2020 9:29:31,Sim,ENGENHARIA CIVIL - Diurno,"Nem satisfeito, nem insatisfeito",Muito insatisfeito,Muito satisfeito,"Nem satisfeito, nem insatisfeito","Nem satisfeito, nem insatisfeito","Nem satisfeito, nem insatisfeito","Nem satisfeito, nem insatisfeito","Nem satisfeito, nem insatisfeito","Nem satisfeito, nem insatisfeito","Nem satisfeito, nem insatisfeito","Nem satisfeito, nem insatisfeito","Nem satisfeito, nem insatisfeito",Muito insatisfeito,"Nem satisfeito, nem insatisfeito","Nem satisfeito, nem insatisfeito",,
5/26/2020 9:30:36,Sim,ENGENHARIA CIVIL - Diurno,Muito satisfeito,Muito satisfeito,Muito satisfeito,Mais ou menos satisfeito,Muito satisfeito,Muito satisfeito,Muito satisfeito,Muito satisfeito,Muito satisfeito,Muito satisfeito,Muito satisfeito,Muito satisfeito,Muito satisfeito,Muito satisfeito,Muito satisfeito,,
5/26/2020 9:30:59,Sim,ENGENHARIA CIVIL - Diurno,Muito insatisfeito,Mais ou menos insatisfeito,Mais ou menos insatisfeito,Mais ou menos insatisfeito,Mais ou menos insatisfeito,Muito insatisfeito,"Nem satisfeito, nem insatisfeito","Nem satisfeito, nem insatisfeito","Nem satisfeito, nem insatisfeito","Nem satisfeito, nem insatisfeito","Nem satisfeito, nem insatisfeito",Mais ou menos satisfeito,Mais ou menos satisfeito,Mais ou menos satisfeito,Mais ou menos satisfeito,,
5/26/2020 9:31:18,Sim,ENGENHARIA CIVIL - Diurno,"Nem satisfeito, nem insatisfeito",Mais ou menos insatisfeito,"Nem satisfeito, nem insatisfeito",Mais ou menos insatisfeito,Mais ou menos insatisfeito,Mais ou menos insatisfeito,"Nem satisfeito, nem insatisfeito","Nem satisfeito, nem insatisfeito","Nem satisfeito, nem insatisfeito",Mais ou menos satisfeito,"Nem satisfeito, nem insatisfeito",Mais ou menos satisfeito,Mais ou menos satisfeito,Mais ou menos satisfeito,Mais ou menos satisfeito,"Estrutura física e falta de foco nas aulas, deveria focar mais nas necessidades de cada curso e não tá abordagem geral. Engenharia Civil faz muito uso do software do Excel, é mais interessante termos mais prática com o software do que tendo palestras sobre novas tecnologias.","O início da disciplina foi bom, mas se perdeu tratando da atualidades."
5/26/2020 9:31:41,Sim,ENGENHARIA CIVIL - Diurno,Mais ou menos insatisfeito,Mais ou menos insatisfeito,Muito insatisfeito,Mais ou menos insatisfeito,Muito insatisfeito,Muito insatisfeito,Muito insatisfeito,Mais ou menos insatisfeito,Mais ou menos insatisfeito,Muito insatisfeito,Muito insatisfeito,Muito insatisfeito,Mais ou menos insatisfeito,Muito insatisfeito,Muito insatisfeito,,Conhecer e manusear aplicativos importantes para o mercado 
5/26/2020 9:32:37,Sim,ENGENHARIA CIVIL - Diurno,Mais ou menos satisfeito,Mais ou menos satisfeito,"Nem satisfeito, nem insatisfeito",Mais ou menos insatisfeito,"Nem satisfeito, nem insatisfeito","Nem satisfeito, nem insatisfeito",Mais ou menos insatisfeito,Mais ou menos insatisfeito,Mais ou menos insatisfeito,"Nem satisfeito, nem insatisfeito",Mais ou menos satisfeito,Mais ou menos satisfeito,Mais ou menos satisfeito,Mais ou menos satisfeito,"Nem satisfeito, nem insatisfeito","Na minha opinião, a forma de ensino foi muito ""mecânica"", por exemplo, ""decoramos"" como fazer as coisas apenas o suficiente para fazer o que é solicitado na prova/avaliação, mas não aprendemos verdadeiramente. Tanto é que eu tive um ótimo desenvolvimento na disciplina, 3 anos atrás, mas hoje em dia até pra utilizar ferramentas simples como o Excel, por exemplo, na maioria das vezes tenho que buscar aprender novamente. ",
5/26/2020 9:35:11,Sim,ENGENHARIA CIVIL - Diurno,Mais ou menos satisfeito,"Nem satisfeito, nem insatisfeito",Mais ou menos insatisfeito,"Nem satisfeito, nem insatisfeito",Mais ou menos satisfeito,Mais ou menos insatisfeito,Mais ou menos insatisfeito,Mais ou menos insatisfeito,Muito insatisfeito,Mais ou menos insatisfeito,"Nem satisfeito, nem insatisfeito",Mais ou menos satisfeito,Mais ou menos satisfeito,Muito satisfeito,Mais ou menos satisfeito,"A didática dos professores não está de acordo com as expectativas dos alunos, assim como o método de avaliação.  Alguns assuntos, como história da computação, podem ser removidos, para dar espaço para assuntos mais relevantes",
5/26/2020 9:35:25,Sim,ENGENHARIA CIVIL - Diurno,Muito satisfeito,Mais ou menos satisfeito,Muito satisfeito,Mais ou menos satisfeito,Muito satisfeito,Mais ou menos satisfeito,Muito satisfeito,Muito satisfeito,Muito satisfeito,Muito satisfeito,Muito satisfeito,Muito satisfeito,Muito satisfeito,Muito satisfeito,Mais ou menos satisfeito,,
5/26/2020 9:35:41,Sim,ENGENHARIA CIVIL - Diurno,Muito satisfeito,Mais ou menos satisfeito,Muito satisfeito,"Nem satisfeito, nem insatisfeito",Muito satisfeito,Muito satisfeito,Muito satisfeito,Muito satisfeito,Muito satisfeito,Muito satisfeito,Muito satisfeito,Muito satisfeito,Muito satisfeito,Muito satisfeito,Muito satisfeito,,"A professora b colocou na disciplina assuntos que realmente fossem didáticos, usáveis e de interesse. Assuntos que realmente são necessários para o desenvolvimento profissional no curso."
5/26/2020 9:35:45,Sim,ENGENHARIA CIVIL - Diurno,"Nem satisfeito, nem insatisfeito","Nem satisfeito, nem insatisfeito",Mais ou menos insatisfeito,Mais ou menos satisfeito,"Nem satisfeito, nem insatisfeito","Nem satisfeito, nem insatisfeito",Mais ou menos satisfeito,Mais ou menos insatisfeito,Mais ou menos insatisfeito,Mais ou menos insatisfeito,"Nem satisfeito, nem insatisfeito","Nem satisfeito, nem insatisfeito","Nem satisfeito, nem insatisfeito",Mais ou menos satisfeito,Mais ou menos satisfeito,"Na minha opinião o nosso professor tem capacidade pra ensinar a disciplina muito bem, mas acaba cobrando muito conteúdo da turma, além disso tem o número excessivo de atividades pedidas, o que torna difícil a conciliação no mesmo período com disciplinas como cálculo 2 e álgebra linear, e se vc tiver que escolher dar prioridade a alguma, será sempre a linear e cálculo. ",
5/26/2020 9:36:00,Sim,ENGENHARIA CIVIL - Diurno,Muito satisfeito,Mais ou menos satisfeito,Mais ou menos satisfeito,"Nem satisfeito, nem insatisfeito",Muito satisfeito,Muito satisfeito,Muito satisfeito,Mais ou menos satisfeito,Muito satisfeito,Mais ou menos insatisfeito,Muito satisfeito,Muito satisfeito,Muito satisfeito,Mais ou menos satisfeito,Muito insatisfeito,Mais aulas no laboratório.,O ensino do uso de planilhas.
5/26/2020 9:36:26,Sim,ENGENHARIA CIVIL - Diurno,Mais ou menos insatisfeito,"Nem satisfeito, nem insatisfeito",Mais ou menos insatisfeito,Mais ou menos insatisfeito,"Nem satisfeito, nem insatisfeito",Mais ou menos insatisfeito,Mais ou menos satisfeito,Mais ou menos insatisfeito,"Nem satisfeito, nem insatisfeito",Mais ou menos insatisfeito,Mais ou menos insatisfeito,Muito insatisfeito,Mais ou menos insatisfeito,Mais ou menos insatisfeito,Mais ou menos insatisfeito,A forma de ensino e de avaliação deveria ser feita com exemplos práticos da vida profissional de cada curso,
5/26/2020 9:37:15,Sim,ENGENHARIA CIVIL - Diurno,Mais ou menos insatisfeito,Muito insatisfeito,Mais ou menos insatisfeito,Mais ou menos insatisfeito,Mais ou menos insatisfeito,Mais ou menos insatisfeito,Mais ou menos insatisfeito,Mais ou menos insatisfeito,Mais ou menos insatisfeito,Mais ou menos insatisfeito,Mais ou menos insatisfeito,"Nem satisfeito, nem insatisfeito",Mais ou menos insatisfeito,Mais ou menos insatisfeito,Mais ou menos insatisfeito,,
5/26/2020 9:38:39,Sim,ENGENHARIA CIVIL - Diurno,Mais ou menos satisfeito,"Nem satisfeito, nem insatisfeito",Muito insatisfeito,Muito insatisfeito,Mais ou menos insatisfeito,Muito insatisfeito,Muito insatisfeito,Muito insatisfeito,Muito insatisfeito,Muito insatisfeito,Muito insatisfeito,Mais ou menos insatisfeito,Mais ou menos satisfeito,Mais ou menos satisfeito,Muito insatisfeito,,
5/26/2020 9:38:44,Sim,ENGENHARIA CIVIL - Diurno,Mais ou menos satisfeito,"Nem satisfeito, nem insatisfeito",Mais ou menos insatisfeito,Mais ou menos insatisfeito,"Nem satisfeito, nem insatisfeito","Nem satisfeito, nem insatisfeito",Mais ou menos insatisfeito,Mais ou menos insatisfeito,Mais ou menos insatisfeito,Mais ou menos insatisfeito,"Nem satisfeito, nem insatisfeito",Mais ou menos insatisfeito,"Nem satisfeito, nem insatisfeito","Nem satisfeito, nem insatisfeito","Nem satisfeito, nem insatisfeito","A disciplina de ICC foi MUITO importante quando tratou de algo que é essencial para o meio da engenharia que é o EXCEL, entretanto tratou sobre muitas outras coisas que difícilmente agregaria em nossa área.A sugestão é, tratar de aspectos importantes que envolvem computação a exemplo de software e do próprio Excel e a teoria maior e programação que não agrega muito ao meu curso serem tratados em menor quantidade.Porwue acaba que aproveitamos Bem 20% do curso (excel) e 80%(programaçao) aproveitamos pouquíssimo tendo em vista a pouca utilização em nossa área","Tratar sobre Excel
Dispositivos a disposição
Distribuição da pontuação (indo além das provas)
Monitores"
5/26/2020 9:41:12,Sim,ENGENHARIA CIVIL - Diurno,Mais ou menos satisfeito,Mais ou menos satisfeito,Muito satisfeito,"Nem satisfeito, nem insatisfeito",Muito satisfeito,Muito satisfeito,Muito satisfeito,Muito satisfeito,Muito satisfeito,Muito satisfeito,Muito satisfeito,Muito satisfeito,Muito satisfeito,Muito satisfeito,Muito satisfeito,"Não, acho que é uma boa iniciativa isso que estão fazendo",Usar todo o tempo da aula .
5/26/2020 9:42:59,Sim,ENGENHARIA CIVIL - Diurno,Mais ou menos satisfeito,Mais ou menos satisfeito,"Nem satisfeito, nem insatisfeito","Nem satisfeito, nem insatisfeito",Mais ou menos satisfeito,Mais ou menos satisfeito,"Nem satisfeito, nem insatisfeito","Nem satisfeito, nem insatisfeito",Mais ou menos insatisfeito,"Nem satisfeito, nem insatisfeito","Nem satisfeito, nem insatisfeito","Nem satisfeito, nem insatisfeito","Nem satisfeito, nem insatisfeito",Muito satisfeito,Muito satisfeito,,
5/26/2020 9:44:56,Sim,ENGENHARIA CIVIL - Diurno,Mais ou menos satisfeito,"Nem satisfeito, nem insatisfeito","Nem satisfeito, nem insatisfeito",Mais ou menos insatisfeito,Mais ou menos insatisfeito,"Nem satisfeito, nem insatisfeito","Nem satisfeito, nem insatisfeito",Mais ou menos insatisfeito,Mais ou menos insatisfeito,Mais ou menos insatisfeito,Mais ou menos insatisfeito,"Nem satisfeito, nem insatisfeito",Mais ou menos insatisfeito,Mais ou menos insatisfeito,Mais ou menos insatisfeito,"Os conteúdos são ministrados de maneira muito solta, ao meu ver deveria haver um módulo inicial com o conhecimento básico dos softwares utilizados inclusive com conteúdos a serem aprendidos em casa para otimizar o tempo de aprendizado, os módulos seguintes deveriam ser projetos simples aplicados ao curso dos estudantes, como por exemplo desenvolver uma planilha de dimensionamento ou algum programa mais específico em Matlab. Assim, seria possível perceber o desenvolvimentos dos alunos e as possíveis aplicações dos conteúdos, do jeito que está é basicamente uma censurado.",Não.
5/26/2020 9:48:48,Sim,ENGENHARIA CIVIL - Diurno,"Nem satisfeito, nem insatisfeito",Mais ou menos satisfeito,Mais ou menos insatisfeito,Mais ou menos insatisfeito,"Nem satisfeito, nem insatisfeito","Nem satisfeito, nem insatisfeito",Mais ou menos satisfeito,"Nem satisfeito, nem insatisfeito",Mais ou menos satisfeito,"Nem satisfeito, nem insatisfeito","Nem satisfeito, nem insatisfeito",Mais ou menos insatisfeito,Mais ou menos insatisfeito,Mais ou menos insatisfeito,Mais ou menos insatisfeito,"Focar mais em exercícios do Excel e ensinar a mexer melhor no programa,visto que no curso é muito necessário.Tirar um pouco o foco da parte de programar (no meu caso foi fortran), pois não utilizamos quase em nada.","O fato de ter muitos exercícios,o que fez os assuntos serem entendidos na prática."
5/26/2020 9:50:39,Sim,ENGENHARIA CIVIL - Diurno,Muito satisfeito,Mais ou menos satisfeito,Muito satisfeito,"Nem satisfeito, nem insatisfeito",Mais ou menos satisfeito,Mais ou menos satisfeito,Muito satisfeito,Muito satisfeito,Muito satisfeito,Muito satisfeito,Muito satisfeito,Muito satisfeito,Muito satisfeito,Mais ou menos satisfeito,Mais ou menos satisfeito,,
5/26/2020 9:51:15,Sim,ENGENHARIA CIVIL - Diurno,Mais ou menos satisfeito,"Nem satisfeito, nem insatisfeito","Nem satisfeito, nem insatisfeito",Muito insatisfeito,Mais ou menos satisfeito,Mais ou menos satisfeito,Mais ou menos insatisfeito,Muito insatisfeito,Muito insatisfeito,Mais ou menos insatisfeito,Mais ou menos insatisfeito,"Nem satisfeito, nem insatisfeito",Mais ou menos satisfeito,Muito satisfeito,Mais ou menos insatisfeito,"Deveriam formar turmas por curso, dando enfoque na graduação de cada área. ",
5/26/2020 9:57:22,Sim,ENGENHARIA CIVIL - Diurno,Mais ou menos satisfeito,Mais ou menos satisfeito,Muito satisfeito,"Nem satisfeito, nem insatisfeito","Nem satisfeito, nem insatisfeito",Muito satisfeito,Mais ou menos satisfeito,Muito satisfeito,Mais ou menos satisfeito,Muito satisfeito,Muito satisfeito,Muito satisfeito,Muito satisfeito,Muito satisfeito,Muito satisfeito,,
5/26/2020 9:58:19,Sim,ENGENHARIA CIVIL - Diurno,Mais ou menos satisfeito,Mais ou menos satisfeito,Muito satisfeito,Mais ou menos satisfeito,"Nem satisfeito, nem insatisfeito",Muito satisfeito,Muito satisfeito,Muito satisfeito,Muito satisfeito,Muito satisfeito,Muito satisfeito,Mais ou menos satisfeito,Mais ou menos satisfeito,Mais ou menos satisfeito,Mais ou menos satisfeito,,
5/26/2020 10:07:36,Sim,ENGENHARIA CIVIL - Diurno,"Nem satisfeito, nem insatisfeito","Nem satisfeito, nem insatisfeito","Nem satisfeito, nem insatisfeito","Nem satisfeito, nem insatisfeito","Nem satisfeito, nem insatisfeito","Nem satisfeito, nem insatisfeito",Mais ou menos satisfeito,Mais ou menos satisfeito,Mais ou menos satisfeito,Mais ou menos satisfeito,Mais ou menos satisfeito,Mais ou menos satisfeito,"Nem satisfeito, nem insatisfeito","Nem satisfeito, nem insatisfeito","Nem satisfeito, nem insatisfeito",,
5/26/2020 10:09:23,Sim,ENGENHARIA CIVIL - Diurno,"Nem satisfeito, nem insatisfeito",Muito insatisfeito,Muito insatisfeito,Muito insatisfeito,"Nem satisfeito, nem insatisfeito","Nem satisfeito, nem insatisfeito","Nem satisfeito, nem insatisfeito","Nem satisfeito, nem insatisfeito","Nem satisfeito, nem insatisfeito","Nem satisfeito, nem insatisfeito","Nem satisfeito, nem insatisfeito","Nem satisfeito, nem insatisfeito","Nem satisfeito, nem insatisfeito","Nem satisfeito, nem insatisfeito","Nem satisfeito, nem insatisfeito",,
5/26/2020 10:13:49,Sim,ENGENHARIA CIVIL - Diurno,Mais ou menos satisfeito,Mais ou menos satisfeito,Mais ou menos satisfeito,"Nem satisfeito, nem insatisfeito",Mais ou menos satisfeito,Mais ou menos satisfeito,"Nem satisfeito, nem insatisfeito",Mais ou menos insatisfeito,Mais ou menos insatisfeito,Mais ou menos insatisfeito,Mais ou menos insatisfeito,"Nem satisfeito, nem insatisfeito","Nem satisfeito, nem insatisfeito","Nem satisfeito, nem insatisfeito","Nem satisfeito, nem insatisfeito",,
5/26/2020 10:24:51,Sim,ENGENHARIA CIVIL - Diurno,Mais ou menos satisfeito,"Nem satisfeito, nem insatisfeito",Mais ou menos satisfeito,Mais ou menos insatisfeito,"Nem satisfeito, nem insatisfeito","Nem satisfeito, nem insatisfeito",Muito satisfeito,Muito satisfeito,Mais ou menos satisfeito,Mais ou menos satisfeito,Muito satisfeito,"Nem satisfeito, nem insatisfeito",Mais ou menos satisfeito,Mais ou menos satisfeito,"Nem satisfeito, nem insatisfeito",,Utilidade de programação no Excel no exercício da nossa profissão 
5/26/2020 10:27:54,Sim,ENGENHARIA CIVIL - Diurno,Mais ou menos satisfeito,"Nem satisfeito, nem insatisfeito",Mais ou menos insatisfeito,Muito satisfeito,Mais ou menos satisfeito,Muito satisfeito,Mais ou menos insatisfeito,Mais ou menos insatisfeito,"Nem satisfeito, nem insatisfeito",Muito insatisfeito,Muito insatisfeito,Mais ou menos satisfeito,Mais ou menos satisfeito,"Nem satisfeito, nem insatisfeito",Mais ou menos satisfeito,Professor poderia ser melhor ,"O material disponibilizado era ótimo, os conteúdos abordados foram de grande utilidade "
5/26/2020 10:33:50,Sim,ENGENHARIA CIVIL - Diurno,Muito insatisfeito,Mais ou menos insatisfeito,Muito satisfeito,Mais ou menos satisfeito,Muito insatisfeito,Muito insatisfeito,"Nem satisfeito, nem insatisfeito",Mais ou menos satisfeito,Muito insatisfeito,Mais ou menos insatisfeito,Mais ou menos insatisfeito,,,,,,
5/26/2020 10:36:54,Sim,ENGENHARIA CIVIL - Diurno,Mais ou menos satisfeito,Mais ou menos insatisfeito,Muito satisfeito,Muito satisfeito,Mais ou menos satisfeito,Mais ou menos satisfeito,Muito satisfeito,Mais ou menos satisfeito,Muito satisfeito,Muito satisfeito,Muito satisfeito,Mais ou menos satisfeito,Muito satisfeito,Mais ou menos satisfeito,Mais ou menos satisfeito,,
5/26/2020 11:14:03,Sim,ENGENHARIA CIVIL - Diurno,Muito satisfeito,Muito satisfeito,Muito satisfeito,Muito satisfeito,Muito satisfeito,Muito satisfeito,Muito satisfeito,Muito satisfeito,Muito satisfeito,Muito satisfeito,Muito satisfeito,Mais ou menos insatisfeito,Mais ou menos insatisfeito,Mais ou menos insatisfeito,Mais ou menos insatisfeito,"Na minha opinião, o ensino de disciplinas de programação para a engenharia é de fundamental importância, porém, devia ser ensinado um modelo de linguagem mais atual, pois o modelo que é ensinado (fortran) não é mais utilizado.",A visão de programação.
5/26/2020 11:16:20,Sim,ENGENHARIA CIVIL - Diurno,Mais ou menos satisfeito,Mais ou menos satisfeito,Mais ou menos satisfeito,Mais ou menos insatisfeito,Mais ou menos satisfeito,Mais ou menos satisfeito,Mais ou menos satisfeito,"Nem satisfeito, nem insatisfeito",Mais ou menos insatisfeito,Mais ou menos satisfeito,Mais ou menos satisfeito,Mais ou menos satisfeito,Mais ou menos satisfeito,Mais ou menos satisfeito,Mais ou menos satisfeito,,
5/26/2020 11:28:38,Sim,ENGENHARIA CIVIL - Diurno,"Nem satisfeito, nem insatisfeito","Nem satisfeito, nem insatisfeito","Nem satisfeito, nem insatisfeito",Mais ou menos insatisfeito,Mais ou menos insatisfeito,"Nem satisfeito, nem insatisfeito",Muito satisfeito,Mais ou menos satisfeito,Mais ou menos satisfeito,"Nem satisfeito, nem insatisfeito",Mais ou menos satisfeito,Mais ou menos insatisfeito,Mais ou menos satisfeito,Mais ou menos satisfeito,Mais ou menos satisfeito,,
5/26/2020 11:30:03,Sim,ENGENHARIA CIVIL - Diurno,Muito insatisfeito,"Nem satisfeito, nem insatisfeito",Muito insatisfeito,Mais ou menos insatisfeito,Mais ou menos insatisfeito,"Nem satisfeito, nem insatisfeito","Nem satisfeito, nem insatisfeito",Muito insatisfeito,Muito insatisfeito,Mais ou menos insatisfeito,"Nem satisfeito, nem insatisfeito","Nem satisfeito, nem insatisfeito",Muito insatisfeito,"Nem satisfeito, nem insatisfeito",Mais ou menos satisfeito,Apenas uma crítica em relação ao Professor x. Extremamente ignorante e com uma forma avaliativa ilógica. ,
5/26/2020 11:45:13,Sim,ENGENHARIA CIVIL - Diurno,Mais ou menos satisfeito,"Nem satisfeito, nem insatisfeito",Muito insatisfeito,Muito insatisfeito,"Nem satisfeito, nem insatisfeito","Nem satisfeito, nem insatisfeito",Muito insatisfeito,Muito insatisfeito,Muito insatisfeito,Muito insatisfeito,Muito insatisfeito,"Nem satisfeito, nem insatisfeito","Nem satisfeito, nem insatisfeito","Nem satisfeito, nem insatisfeito","Nem satisfeito, nem insatisfeito",,
5/26/2020 11:51:44,Sim,ENGENHARIA CIVIL - Diurno,"Nem satisfeito, nem insatisfeito",Mais ou menos insatisfeito,"Nem satisfeito, nem insatisfeito",Muito insatisfeito,Muito insatisfeito,"Nem satisfeito, nem insatisfeito","Nem satisfeito, nem insatisfeito","Nem satisfeito, nem insatisfeito","Nem satisfeito, nem insatisfeito","Nem satisfeito, nem insatisfeito","Nem satisfeito, nem insatisfeito","Nem satisfeito, nem insatisfeito","Nem satisfeito, nem insatisfeito","Nem satisfeito, nem insatisfeito","Nem satisfeito, nem insatisfeito",,
5/26/2020 12:51:44,Sim,ENGENHARIA CIVIL - Diurno,"Nem satisfeito, nem insatisfeito",Mais ou menos insatisfeito,Mais ou menos insatisfeito,Mais ou menos insatisfeito,Muito insatisfeito,Muito insatisfeito,Mais ou menos insatisfeito,Muito insatisfeito,Muito insatisfeito,Muito insatisfeito,Muito insatisfeito,Mais ou menos insatisfeito,"Nem satisfeito, nem insatisfeito","Nem satisfeito, nem insatisfeito",Mais ou menos insatisfeito,"A disciplina poderia abordar programaçao mais avançada inserida em contextos mais úteis aos cursos, ao invés de ser algo muito abrangente e genérico.",
5/26/2020 12:55:23,Sim,ENGENHARIA CIVIL - Diurno,Muito insatisfeito,Muito insatisfeito,Muito insatisfeito,Mais ou menos insatisfeito,Muito insatisfeito,Mais ou menos insatisfeito,Mais ou menos insatisfeito,Muito insatisfeito,Muito insatisfeito,Muito insatisfeito,Mais ou menos insatisfeito,Mais ou menos satisfeito,"Nem satisfeito, nem insatisfeito",Mais ou menos satisfeito,"Nem satisfeito, nem insatisfeito","Devido a forma que é ministrada, acredito que acaba se tornando uma disciplina solta no meio da grade curricular, além de não ter o conteúdo passado da melhor maneira possível, tornando o estudo monótono, e em determinados momentos de difícil compreensão.","Aprendi a utilizar o programa excel, que acredito ser importante para minha formação, porém o restante da disciplina não achei que foi produtiva"
5/26/2020 13:05:03,Sim,ENGENHARIA CIVIL - Diurno,Mais ou menos satisfeito,Mais ou menos insatisfeito,Mais ou menos satisfeito,Mais ou menos insatisfeito,"Nem satisfeito, nem insatisfeito","Nem satisfeito, nem insatisfeito",Muito satisfeito,Muito satisfeito,Muito satisfeito,Muito satisfeito,Muito satisfeito,Mais ou menos insatisfeito,Mais ou menos satisfeito,Mais ou menos satisfeito,Mais ou menos satisfeito,"No semestre em que estive na disciplina, a linguagem de programação ensinada foi Fortran. Talvez utilizar outra linguagem, como C (introduzindo, por exemplo, o arduino), fosse mais proveitoso do que aprender uma linguagem obsoleta.",A disponibilidade de computadores para cada aluno e a boa didática do professor.
5/26/2020 13:16:16,Sim,ENGENHARIA CIVIL - Diurno,Mais ou menos satisfeito,"Nem satisfeito, nem insatisfeito","Nem satisfeito, nem insatisfeito","Nem satisfeito, nem insatisfeito",Mais ou menos satisfeito,Muito satisfeito,"Nem satisfeito, nem insatisfeito",Mais ou menos insatisfeito,Mais ou menos insatisfeito,"Nem satisfeito, nem insatisfeito",Mais ou menos satisfeito,"Nem satisfeito, nem insatisfeito","Nem satisfeito, nem insatisfeito",Mais ou menos satisfeito,"Nem satisfeito, nem insatisfeito","É necessário haver mais ligação entre a disciplina e o curso da turma para qual esta sendo ministrada. Existe um grande foco na area da computação, mas pouca formas de aplicações desta para com as futuras profissões dos alunos envolvidos, é preciso um maior enfoque nisso, buscar relacionar ambas as partes.",
5/26/2020 13:19:43,Sim,ENGENHARIA CIVIL - Diurno,Mais ou menos satisfeito,"Nem satisfeito, nem insatisfeito",Mais ou menos satisfeito,Mais ou menos insatisfeito,"Nem satisfeito, nem insatisfeito",Mais ou menos insatisfeito,Muito satisfeito,Mais ou menos insatisfeito,Muito insatisfeito,Mais ou menos satisfeito,Mais ou menos satisfeito,Mais ou menos satisfeito,Mais ou menos insatisfeito,Mais ou menos satisfeito,"Nem satisfeito, nem insatisfeito","Provas escritas, sem consulta ao programa estudado (ex: Excel). O aluno se sente obrigado a decorar os códigos e n em aprender as funções.",Professor explicava bem.
5/26/2020 13:22:31,Sim,ENGENHARIA CIVIL - Diurno,Mais ou menos insatisfeito,Muito insatisfeito,"Nem satisfeito, nem insatisfeito",Mais ou menos insatisfeito,Muito insatisfeito,Mais ou menos insatisfeito,"Nem satisfeito, nem insatisfeito","Nem satisfeito, nem insatisfeito",Mais ou menos insatisfeito,Mais ou menos insatisfeito,"Nem satisfeito, nem insatisfeito",Mais ou menos satisfeito,"Nem satisfeito, nem insatisfeito","Nem satisfeito, nem insatisfeito",Mais ou menos satisfeito,,Os monitores foram extremamente importantes no processo de aprendizado dessa disciplina
5/26/2020 13:32:19,Sim,FÍSICA (BAC) - Diurno,Muito satisfeito,Mais ou menos satisfeito,Muito satisfeito,Muito satisfeito,Muito satisfeito,Muito satisfeito,Mais ou menos satisfeito,Mais ou menos satisfeito,Muito satisfeito,Muito satisfeito,Muito satisfeito,Muito satisfeito,Muito satisfeito,Muito satisfeito,Muito satisfeito,,
5/26/2020 13:36:59,Sim,ENGENHARIA CIVIL - Diurno,Muito satisfeito,Mais ou menos satisfeito,"Nem satisfeito, nem insatisfeito",Muito satisfeito,Mais ou menos satisfeito,Mais ou menos satisfeito,"Nem satisfeito, nem insatisfeito",Mais ou menos satisfeito,Mais ou menos satisfeito,Muito satisfeito,Mais ou menos satisfeito,"Nem satisfeito, nem insatisfeito",Mais ou menos satisfeito,"Nem satisfeito, nem insatisfeito",Mais ou menos satisfeito,"Acredito q a disciplina tem pouca carga horária, visto que é algo que necessita grande prática, e em sua maioria no tempo fora da universidade os alunos procuram dedicar mais horas as cadeiras de álgebra e cálculo. Logo uma maior carga horária de ICC aumentaria a prática e a fixação do conteúdo",Prática de exercícios em sala de aula 
5/26/2020 14:07:36,Sim,ENGENHARIA CIVIL - Diurno,Mais ou menos satisfeito,"Nem satisfeito, nem insatisfeito",Mais ou menos satisfeito,Mais ou menos insatisfeito,"Nem satisfeito, nem insatisfeito","Nem satisfeito, nem insatisfeito",Muito satisfeito,Muito satisfeito,Mais ou menos satisfeito,Mais ou menos satisfeito,Muito satisfeito,"Nem satisfeito, nem insatisfeito",Mais ou menos satisfeito,Mais ou menos satisfeito,"Nem satisfeito, nem insatisfeito",,Utilidade de programação no Excel no exercício da nossa profissão 
5/26/2020 14:29:25,Sim,ENGENHARIA CIVIL - Diurno,Mais ou menos satisfeito,Mais ou menos satisfeito,Mais ou menos insatisfeito,Muito insatisfeito,"Nem satisfeito, nem insatisfeito","Nem satisfeito, nem insatisfeito",Mais ou menos insatisfeito,Muito insatisfeito,Muito insatisfeito,Mais ou menos insatisfeito,Mais ou menos insatisfeito,Muito insatisfeito,Muito satisfeito,Muito satisfeito,"Nem satisfeito, nem insatisfeito","1. Acho que deveria ensinar mais sobre o excel em si, que de modo geral todos os cursos utilizam.
2. As provas deviam ser realizadas no próprio computador, e não em folhas. 
3. Poderia ser disponibilizado apostilas, ou outra fonte de pesquisa.","Foi de modo breve, ensinado os comando inciais para o excel, isso foi a porta de entrada, para entender que ele pode fazer muitas coisas e ensinou as funções básicas. O matlab, também, sempre interessante se conhecer sobre, e do mesmo modo, foi bom ter esse primeiro reconhecimento com o programa."
5/26/2020 14:31:48,Sim,ENGENHARIA CIVIL - Diurno,"Nem satisfeito, nem insatisfeito","Nem satisfeito, nem insatisfeito",Mais ou menos insatisfeito,Muito insatisfeito,Mais ou menos insatisfeito,Mais ou menos insatisfeito,Muito insatisfeito,Muito insatisfeito,Muito insatisfeito,Muito insatisfeito,Muito insatisfeito,Mais ou menos insatisfeito,Mais ou menos insatisfeito,Mais ou menos insatisfeito,"Nem satisfeito, nem insatisfeito",,
5/26/2020 15:02:34,Sim,ENGENHARIA CIVIL - Diurno,Mais ou menos satisfeito,"Nem satisfeito, nem insatisfeito","Nem satisfeito, nem insatisfeito",Mais ou menos insatisfeito,Muito insatisfeito,Mais ou menos satisfeito,"Nem satisfeito, nem insatisfeito",Mais ou menos satisfeito,"Nem satisfeito, nem insatisfeito",Mais ou menos satisfeito,Mais ou menos satisfeito,Mais ou menos insatisfeito,"Nem satisfeito, nem insatisfeito",Mais ou menos satisfeito,"Nem satisfeito, nem insatisfeito",,
5/26/2020 15:13:37,Sim,ENGENHARIA CIVIL - Diurno,Muito satisfeito,Muito satisfeito,Muito satisfeito,Muito satisfeito,Muito satisfeito,Muito satisfeito,Muito satisfeito,Muito satisfeito,Muito satisfeito,Muito satisfeito,Muito satisfeito,Mais ou menos satisfeito,Muito satisfeito,Mais ou menos satisfeito,Mais ou menos satisfeito,,
5/26/2020 15:38:09,Sim,ENGENHARIA CIVIL - Diurno,Mais ou menos satisfeito,Mais ou menos satisfeito,Muito satisfeito,Muito satisfeito,Mais ou menos satisfeito,Mais ou menos satisfeito,Mais ou menos satisfeito,Mais ou menos satisfeito,Mais ou menos satisfeito,Muito satisfeito,Muito satisfeito,Muito satisfeito,Muito satisfeito,Muito satisfeito,Muito satisfeito,,
5/26/2020 15:41:01,Sim,ENGENHARIA CIVIL - Diurno,Mais ou menos satisfeito,Mais ou menos insatisfeito,Mais ou menos insatisfeito,Mais ou menos insatisfeito,"Nem satisfeito, nem insatisfeito","Nem satisfeito, nem insatisfeito",Muito satisfeito,Muito satisfeito,"Nem satisfeito, nem insatisfeito",Muito satisfeito,Muito satisfeito,"Nem satisfeito, nem insatisfeito","Nem satisfeito, nem insatisfeito",Mais ou menos satisfeito,Mais ou menos satisfeito,Poderia focar mais em assuntos e programas de maior uso no curso.,uso do excel.
5/26/2020 15:47:33,Sim,ENGENHARIA CIVIL - Diurno,Mais ou menos satisfeito,"Nem satisfeito, nem insatisfeito","Nem satisfeito, nem insatisfeito",Mais ou menos insatisfeito,"Nem satisfeito, nem insatisfeito",Mais ou menos satisfeito,Muito insatisfeito,Muito insatisfeito,Muito insatisfeito,Muito insatisfeito,Muito insatisfeito,"Nem satisfeito, nem insatisfeito","Nem satisfeito, nem insatisfeito",Mais ou menos satisfeito,Mais ou menos satisfeito,"A mudança de professor seria algo agradável, tive o desprazer de cursar essa disciplina com o professor x, um ser desprovido de respeito e provido de ignorância, não era imparcial com as notas e ainda fazia questão de humilhar os alunos, como se ele fosse melhor do que um qualquer um de nós. Os comentários que corriam era que o departamento encarregava os piores professores para ministrar essa disciplina, já que era algo básico e o prejuízo seria recuperado pelos próprios alunos.",O laboratório novo e impecável
5/26/2020 17:56:40,Sim,ENGENHARIA CIVIL - Diurno,Mais ou menos satisfeito,Mais ou menos insatisfeito,Muito satisfeito,Mais ou menos satisfeito,Muito insatisfeito,Muito satisfeito,Mais ou menos satisfeito,Muito satisfeito,Muito satisfeito,Muito satisfeito,Muito satisfeito,Muito satisfeito,Mais ou menos satisfeito,Muito satisfeito,Muito satisfeito,,
5/26/2020 17:57:46,Sim,ENGENHARIA CIVIL - Diurno,Muito insatisfeito,Muito insatisfeito,Muito insatisfeito,Muito insatisfeito,Muito insatisfeito,Muito insatisfeito,Muito insatisfeito,Muito insatisfeito,Muito insatisfeito,Muito insatisfeito,Muito insatisfeito,Muito insatisfeito,Muito insatisfeito,Muito insatisfeito,Muito insatisfeito,Poderia tirar o professor x,O Excel
5/26/2020 18:06:43,Sim,ENGENHARIA CIVIL - Diurno,Mais ou menos insatisfeito,Mais ou menos insatisfeito,"Nem satisfeito, nem insatisfeito",Mais ou menos insatisfeito,Mais ou menos insatisfeito,Mais ou menos insatisfeito,Mais ou menos insatisfeito,Mais ou menos insatisfeito,Mais ou menos insatisfeito,Muito insatisfeito,Muito insatisfeito,Mais ou menos insatisfeito,Mais ou menos insatisfeito,"Nem satisfeito, nem insatisfeito","Nem satisfeito, nem insatisfeito",Muito rígido para pouca didática ,
5/26/2020 18:24:11,Sim,ESTATÍSTICA - Diurno,Mais ou menos satisfeito,Mais ou menos satisfeito,Muito insatisfeito,Muito insatisfeito,Mais ou menos satisfeito,Mais ou menos satisfeito,Mais ou menos satisfeito,Muito insatisfeito,"Nem satisfeito, nem insatisfeito","Nem satisfeito, nem insatisfeito",Muito insatisfeito,Mais ou menos satisfeito,Muito satisfeito,Muito satisfeito,Mais ou menos insatisfeito,,
5/26/2020 18:30:48,Sim,ESTATÍSTICA - Diurno,"Nem satisfeito, nem insatisfeito","Nem satisfeito, nem insatisfeito","Nem satisfeito, nem insatisfeito",Mais ou menos insatisfeito,Mais ou menos insatisfeito,Muito insatisfeito,Mais ou menos insatisfeito,Mais ou menos insatisfeito,Mais ou menos insatisfeito,Mais ou menos insatisfeito,Mais ou menos insatisfeito,Mais ou menos insatisfeito,Mais ou menos insatisfeito,Mais ou menos insatisfeito,"Nem satisfeito, nem insatisfeito",,
5/26/2020 18:39:35,Sim,FÍSICA (BAC) - Diurno,Mais ou menos satisfeito,Mais ou menos satisfeito,"Nem satisfeito, nem insatisfeito",,Muito satisfeito,Muito satisfeito,"Nem satisfeito, nem insatisfeito","Nem satisfeito, nem insatisfeito","Nem satisfeito, nem insatisfeito","Nem satisfeito, nem insatisfeito","Nem satisfeito, nem insatisfeito","Nem satisfeito, nem insatisfeito",Mais ou menos satisfeito,"Nem satisfeito, nem insatisfeito","Nem satisfeito, nem insatisfeito",,
5/26/2020 18:54:01,Sim,FÍSICA (LIC) - Diurno,Muito satisfeito,Muito satisfeito,Muito satisfeito,Muito satisfeito,Mais ou menos satisfeito,Mais ou menos satisfeito,Muito satisfeito,Muito satisfeito,Muito satisfeito,Muito satisfeito,Muito satisfeito,Muito satisfeito,"Nem satisfeito, nem insatisfeito",Muito satisfeito,Muito satisfeito,,
5/26/2020 19:36:24,Sim,ENGENHARIA CIVIL - Diurno,Mais ou menos insatisfeito,"Nem satisfeito, nem insatisfeito",Mais ou menos insatisfeito,Mais ou menos insatisfeito,Mais ou menos insatisfeito,Mais ou menos insatisfeito,Mais ou menos insatisfeito,Mais ou menos insatisfeito,"Nem satisfeito, nem insatisfeito",Mais ou menos insatisfeito,Mais ou menos insatisfeito,Mais ou menos insatisfeito,"Nem satisfeito, nem insatisfeito","Nem satisfeito, nem insatisfeito",Mais ou menos insatisfeito,,
5/26/2020 20:50:51,Sim,ENGENHARIA CIVIL - Diurno,"Nem satisfeito, nem insatisfeito",Mais ou menos satisfeito,Mais ou menos insatisfeito,Mais ou menos insatisfeito,Mais ou menos insatisfeito,Mais ou menos insatisfeito,Mais ou menos insatisfeito,Mais ou menos insatisfeito,Mais ou menos insatisfeito,Mais ou menos insatisfeito,Mais ou menos insatisfeito,"Nem satisfeito, nem insatisfeito","Nem satisfeito, nem insatisfeito","Nem satisfeito, nem insatisfeito","Nem satisfeito, nem insatisfeito",,
5/26/2020 21:02:51,Sim,ENGENHARIA CIVIL - Diurno,Mais ou menos satisfeito,Mais ou menos satisfeito,Muito satisfeito,"Nem satisfeito, nem insatisfeito",Muito satisfeito,Mais ou menos satisfeito,Mais ou menos satisfeito,Mais ou menos satisfeito,Muito satisfeito,Muito satisfeito,Muito satisfeito,Mais ou menos satisfeito,Mais ou menos satisfeito,Muito satisfeito,Muito satisfeito,Trazer linguagens de programação mais usuais,As noções básicas desde o início do curso ajudaram muito! Principalmente em Excel.
5/26/2020 22:34:06,Sim,FÍSICA (LIC) - Diurno,Mais ou menos satisfeito,Mais ou menos satisfeito,Mais ou menos satisfeito,Muito satisfeito,Muito satisfeito,Muito satisfeito,Mais ou menos satisfeito,Mais ou menos satisfeito,Mais ou menos satisfeito,"Nem satisfeito, nem insatisfeito","Nem satisfeito, nem insatisfeito",Mais ou menos satisfeito,Mais ou menos satisfeito,"Nem satisfeito, nem insatisfeito",Mais ou menos satisfeito,Pouco conteúdo para ter uma base sólida.,A dedicação do professor.
5/26/2020 22:34:20,Sim,FÍSICA (LIC) - Diurno,Mais ou menos satisfeito,Mais ou menos satisfeito,Mais ou menos satisfeito,Muito satisfeito,Muito satisfeito,Muito satisfeito,Mais ou menos satisfeito,Mais ou menos satisfeito,Mais ou menos satisfeito,"Nem satisfeito, nem insatisfeito","Nem satisfeito, nem insatisfeito",Mais ou menos satisfeito,Mais ou menos satisfeito,"Nem satisfeito, nem insatisfeito",Mais ou menos satisfeito,Pouco conteúdo para ter uma base sólida.,A dedicação do professor.
5/26/2020 22:40:31,Sim,ENGENHARIA CIVIL - Diurno,Muito satisfeito,Muito satisfeito,Muito satisfeito,Muito satisfeito,Muito satisfeito,Muito satisfeito,Muito satisfeito,Muito satisfeito,Muito satisfeito,Muito satisfeito,Muito satisfeito,Mais ou menos satisfeito,Mais ou menos satisfeito,Muito satisfeito,Mais ou menos satisfeito,,
5/26/2020 22:44:02,Sim,ENGENHARIA CIVIL - Diurno,"Nem satisfeito, nem insatisfeito","Nem satisfeito, nem insatisfeito",Muito satisfeito,Muito satisfeito,"Nem satisfeito, nem insatisfeito",Mais ou menos satisfeito,Muito satisfeito,Muito satisfeito,Muito satisfeito,Muito satisfeito,Muito satisfeito,Mais ou menos satisfeito,Mais ou menos satisfeito,Mais ou menos satisfeito,Mais ou menos satisfeito,,
5/27/2020 0:09:14,Sim,ESTATÍSTICA - Diurno,"Nem satisfeito, nem insatisfeito",Mais ou menos satisfeito,Mais ou menos satisfeito,Mais ou menos insatisfeito,"Nem satisfeito, nem insatisfeito",Mais ou menos insatisfeito,Mais ou menos insatisfeito,Mais ou menos satisfeito,Mais ou menos insatisfeito,"Nem satisfeito, nem insatisfeito","Nem satisfeito, nem insatisfeito",Mais ou menos insatisfeito,Muito insatisfeito,Muito insatisfeito,"Nem satisfeito, nem insatisfeito",,
5/27/2020 9:36:37,Sim,FÍSICA (LIC) - Diurno,Mais ou menos satisfeito,Mais ou menos satisfeito,Mais ou menos satisfeito,Muito satisfeito,Muito satisfeito,Muito satisfeito,Mais ou menos satisfeito,Mais ou menos satisfeito,Mais ou menos satisfeito,"Nem satisfeito, nem insatisfeito","Nem satisfeito, nem insatisfeito",Mais ou menos satisfeito,Mais ou menos satisfeito,"Nem satisfeito, nem insatisfeito",Mais ou menos satisfeito,Pouco conteúdo para ter uma base sólida.,A dedicação do professor.
5/27/2020 12:27:25,Sim,ESTATÍSTICA - Diurno,Muito satisfeito,Muito satisfeito,Muito satisfeito,Muito satisfeito,Muito satisfeito,Muito satisfeito,Muito satisfeito,Muito satisfeito,Muito satisfeito,Muito satisfeito,Muito satisfeito,Muito satisfeito,Muito satisfeito,Muito satisfeito,Muito satisfeito,Melhorias quanto aos pc´s do laboratório.,O professor e os monitores com excelente didática e atenção ao aluno.
5/27/2020 20:24:22,Sim,ESTATÍSTICA - Diurno,"Nem satisfeito, nem insatisfeito","Nem satisfeito, nem insatisfeito","Nem satisfeito, nem insatisfeito",Mais ou menos insatisfeito,"Nem satisfeito, nem insatisfeito","Nem satisfeito, nem insatisfeito","Nem satisfeito, nem insatisfeito","Nem satisfeito, nem insatisfeito","Nem satisfeito, nem insatisfeito","Nem satisfeito, nem insatisfeito","Nem satisfeito, nem insatisfeito","Nem satisfeito, nem insatisfeito",Mais ou menos satisfeito,"Nem satisfeito, nem insatisfeito","Nem satisfeito, nem insatisfeito",,
5/27/2020 21:53:29,Sim,FÍSICA (BAC) - Diurno,Mais ou menos satisfeito,Mais ou menos satisfeito,Mais ou menos satisfeito,Mais ou menos satisfeito,Muito satisfeito,Mais ou menos satisfeito,Mais ou menos satisfeito,Muito satisfeito,Mais ou menos satisfeito,"Nem satisfeito, nem insatisfeito",Muito satisfeito,Mais ou menos satisfeito,Muito satisfeito,Mais ou menos satisfeito,Mais ou menos satisfeito,,A forma de mostrar a importância do estudo da matéria nas diversas áreas do conhecimento.
5/27/2020 22:09:24,Sim,ENGENHARIA CIVIL - Diurno,"Nem satisfeito, nem insatisfeito",Mais ou menos insatisfeito,Mais ou menos insatisfeito,Mais ou menos insatisfeito,Mais ou menos insatisfeito,"Nem satisfeito, nem insatisfeito",Muito insatisfeito,Muito insatisfeito,Muito insatisfeito,Muito insatisfeito,Muito insatisfeito,"Nem satisfeito, nem insatisfeito",Mais ou menos satisfeito,Mais ou menos satisfeito,Mais ou menos satisfeito,,
5/28/2020 17:14:07,Sim,ESTATÍSTICA - Diurno,Mais ou menos satisfeito,Mais ou menos satisfeito,"Nem satisfeito, nem insatisfeito",Mais ou menos insatisfeito,Mais ou menos satisfeito,"Nem satisfeito, nem insatisfeito",Mais ou menos insatisfeito,Mais ou menos insatisfeito,"Nem satisfeito, nem insatisfeito","Nem satisfeito, nem insatisfeito","Nem satisfeito, nem insatisfeito","Nem satisfeito, nem insatisfeito","Nem satisfeito, nem insatisfeito","Nem satisfeito, nem insatisfeito",Mais ou menos insatisfeito,,
5/28/2020 21:30:09,Sim,ENGENHARIA CIVIL - Diurno,"Nem satisfeito, nem insatisfeito",Mais ou menos insatisfeito,Muito insatisfeito,"Nem satisfeito, nem insatisfeito","Nem satisfeito, nem insatisfeito",Mais ou menos insatisfeito,"Nem satisfeito, nem insatisfeito",Mais ou menos insatisfeito,Mais ou menos insatisfeito,"Nem satisfeito, nem insatisfeito",Mais ou menos insatisfeito,Mais ou menos insatisfeito,"Nem satisfeito, nem insatisfeito",Mais ou menos satisfeito,Mais ou menos satisfeito,"Os primeiros assuntos teóricos referentes à introdução da computação é interessante porém não deveríamos perder muito tempo nisso. Pra mim o mais relevante seria uma introdução ao Excel, mas ainda foi muito básico. Porém, achei completamente irrelevante o estudo da programação no matlab, pois é algo raramente usado durante e após nosso curso de engenharia civil.","É interessante entender mais ou menos como funciona a programação, mesmo que não nos seja muito útil. "
5/29/2020 9:38:58,Sim,ENGENHARIA DE PETRÓLEO - Diurno,Muito satisfeito,Muito satisfeito,Mais ou menos insatisfeito,Muito insatisfeito,Mais ou menos insatisfeito,Muito insatisfeito,Mais ou menos satisfeito,Mais ou menos satisfeito,Muito insatisfeito,Mais ou menos satisfeito,Muito satisfeito,Muito satisfeito,Muito satisfeito,Muito satisfeito,Mais ou menos insatisfeito,"Existe uma necessidade cada vez maior que o engenheiro domine a área da programação. Diante disso, é necessário que a cadeira de ICC ofereça o desenvolvimento básico para o aluno por si só procurar desenvolver sua aprendizagem nesta área, porém acredito que a cadeira desenvolva muito pouco e não transmite os conhecimentos básicos necessários para engatar nesse mundo da programação. ",
5/29/2020 9:42:03,Sim,ENGENHARIA DE PETRÓLEO - Diurno,Mais ou menos insatisfeito,Mais ou menos insatisfeito,Mais ou menos insatisfeito,Mais ou menos insatisfeito,Mais ou menos insatisfeito,Mais ou menos insatisfeito,Mais ou menos insatisfeito,Mais ou menos insatisfeito,Mais ou menos insatisfeito,Mais ou menos insatisfeito,Mais ou menos insatisfeito,Mais ou menos insatisfeito,Mais ou menos insatisfeito,Mais ou menos insatisfeito,Mais ou menos insatisfeito,,
5/29/2020 9:43:33,Sim,ENGENHARIA DE PETRÓLEO - Diurno,Mais ou menos satisfeito,"Nem satisfeito, nem insatisfeito",Mais ou menos satisfeito,Muito satisfeito,Muito satisfeito,Muito satisfeito,Muito satisfeito,Muito satisfeito,Muito satisfeito,Mais ou menos satisfeito,Muito satisfeito,Muito satisfeito,Muito satisfeito,Muito satisfeito,Mais ou menos satisfeito,Sem resposta,Sem resposta
5/29/2020 9:46:21,Sim,ENGENHARIA DE PETRÓLEO - Diurno,Muito insatisfeito,Muito insatisfeito,"Nem satisfeito, nem insatisfeito","Nem satisfeito, nem insatisfeito",Mais ou menos satisfeito,Mais ou menos satisfeito,Muito satisfeito,Muito satisfeito,"Nem satisfeito, nem insatisfeito","Nem satisfeito, nem insatisfeito","Nem satisfeito, nem insatisfeito",Mais ou menos satisfeito,Muito insatisfeito,Mais ou menos satisfeito,Mais ou menos satisfeito,Deveria ser mais completa principalmente na parte de programação já que só vemos MATLAB.,O ponto positivo foi a quantidade de exercícios realizados e ajudaram na aprendizagem
5/29/2020 9:55:37,Sim,ENGENHARIA DE PETRÓLEO - Diurno,Mais ou menos insatisfeito,Muito insatisfeito,Mais ou menos insatisfeito,Mais ou menos insatisfeito,Mais ou menos insatisfeito,Mais ou menos insatisfeito,Mais ou menos satisfeito,Mais ou menos satisfeito,"Nem satisfeito, nem insatisfeito","Nem satisfeito, nem insatisfeito","Nem satisfeito, nem insatisfeito","Nem satisfeito, nem insatisfeito",Mais ou menos satisfeito,Mais ou menos satisfeito,Mais ou menos satisfeito,"Tornar a disciplina mais padrão, pois cada professor ensina uma coisa diferente: python, planilha excel, matlab, portugol (até criar um jogo). Na minha visão para cursos de engenharia seria importante o excel e python.",A disponibilidade do professor.
5/29/2020 10:29:12,Sim,ENGENHARIA CIVIL - Diurno,Mais ou menos insatisfeito,Mais ou menos insatisfeito,Mais ou menos insatisfeito,Mais ou menos insatisfeito,Muito insatisfeito,Muito insatisfeito,"Nem satisfeito, nem insatisfeito",Mais ou menos insatisfeito,Mais ou menos insatisfeito,Mais ou menos insatisfeito,Mais ou menos insatisfeito,"Nem satisfeito, nem insatisfeito",Muito insatisfeito,Mais ou menos satisfeito,"Nem satisfeito, nem insatisfeito",,
5/29/2020 10:36:34,Sim,ENGENHARIA DE PETRÓLEO - Diurno,Muito satisfeito,Muito satisfeito,Muito satisfeito,Mais ou menos satisfeito,Muito satisfeito,Muito satisfeito,Muito satisfeito,Muito satisfeito,Muito satisfeito,Mais ou menos satisfeito,Muito satisfeito,Mais ou menos satisfeito,Mais ou menos satisfeito,Mais ou menos satisfeito,Mais ou menos satisfeito,,
5/29/2020 10:55:50,Sim,ENGENHARIA DE PETRÓLEO - Diurno,Muito satisfeito,Muito satisfeito,Muito satisfeito,,Muito satisfeito,Muito satisfeito,Muito satisfeito,Muito satisfeito,Muito satisfeito,Muito satisfeito,Muito satisfeito,Muito satisfeito,Muito satisfeito,Muito satisfeito,Muito satisfeito,Não ,
5/29/2020 10:59:34,Sim,ENGENHARIA DE PETRÓLEO - Diurno,Mais ou menos satisfeito,Mais ou menos satisfeito,Muito satisfeito,"Nem satisfeito, nem insatisfeito","Nem satisfeito, nem insatisfeito","Nem satisfeito, nem insatisfeito",Muito satisfeito,Muito satisfeito,Mais ou menos satisfeito,Mais ou menos satisfeito,Mais ou menos satisfeito,Mais ou menos satisfeito,Mais ou menos satisfeito,Mais ou menos satisfeito,Mais ou menos satisfeito,,
5/29/2020 11:00:25,Sim,ENGENHARIA DE PETRÓLEO - Diurno,Muito satisfeito,Mais ou menos satisfeito,Mais ou menos satisfeito,Mais ou menos satisfeito,Mais ou menos satisfeito,Mais ou menos satisfeito,"Nem satisfeito, nem insatisfeito",Mais ou menos insatisfeito,"Nem satisfeito, nem insatisfeito","Nem satisfeito, nem insatisfeito","Nem satisfeito, nem insatisfeito",Mais ou menos satisfeito,Muito satisfeito,Mais ou menos satisfeito,"Nem satisfeito, nem insatisfeito",,
5/29/2020 11:05:31,Sim,ENGENHARIA DE PETRÓLEO - Diurno,Muito insatisfeito,Muito insatisfeito,Muito insatisfeito,Muito insatisfeito,Muito insatisfeito,Muito insatisfeito,Muito insatisfeito,Muito insatisfeito,Muito insatisfeito,Muito insatisfeito,Muito insatisfeito,Muito insatisfeito,Muito insatisfeito,Muito insatisfeito,Mais ou menos insatisfeito,,Trabalho em equipe
5/29/2020 11:38:47,Sim,ENGENHARIA DE PETRÓLEO - Diurno,Mais ou menos satisfeito,"Nem satisfeito, nem insatisfeito",Mais ou menos satisfeito,Mais ou menos satisfeito,Muito satisfeito,Muito satisfeito,Muito satisfeito,Muito satisfeito,Mais ou menos satisfeito,Mais ou menos satisfeito,Muito satisfeito,Mais ou menos satisfeito,Mais ou menos satisfeito,Mais ou menos satisfeito,"Nem satisfeito, nem insatisfeito",,
5/29/2020 11:46:56,Sim,ENGENHARIA DE PETRÓLEO - Diurno,Muito satisfeito,"Nem satisfeito, nem insatisfeito",Mais ou menos satisfeito,Mais ou menos satisfeito,Mais ou menos satisfeito,Mais ou menos satisfeito,Mais ou menos satisfeito,Mais ou menos satisfeito,Mais ou menos satisfeito,Mais ou menos satisfeito,Mais ou menos satisfeito,"Nem satisfeito, nem insatisfeito",Mais ou menos satisfeito,"Nem satisfeito, nem insatisfeito","Nem satisfeito, nem insatisfeito",,
5/29/2020 11:51:15,Sim,ENGENHARIA DE PETRÓLEO - Diurno,Mais ou menos satisfeito,Mais ou menos satisfeito,Mais ou menos satisfeito,Mais ou menos satisfeito,Muito satisfeito,Muito satisfeito,Mais ou menos satisfeito,Mais ou menos satisfeito,Muito satisfeito,Muito satisfeito,Muito satisfeito,Muito satisfeito,Mais ou menos satisfeito,Muito satisfeito,Muito satisfeito,,
5/29/2020 12:27:37,Sim,ENGENHARIA DE PETRÓLEO - Diurno,Mais ou menos satisfeito,Mais ou menos satisfeito,"Nem satisfeito, nem insatisfeito","Nem satisfeito, nem insatisfeito",Mais ou menos satisfeito,Mais ou menos satisfeito,Muito satisfeito,Mais ou menos satisfeito,Muito satisfeito,Muito satisfeito,Mais ou menos satisfeito,Mais ou menos satisfeito,"Nem satisfeito, nem insatisfeito","Nem satisfeito, nem insatisfeito",Mais ou menos satisfeito,Ter mais aulas práticas e mais monitores,O método da Professora
5/29/2020 12:38:12,Sim,ENGENHARIA DE PETRÓLEO - Diurno,Mais ou menos satisfeito,Mais ou menos satisfeito,"Nem satisfeito, nem insatisfeito","Nem satisfeito, nem insatisfeito",Mais ou menos satisfeito,Mais ou menos satisfeito,Muito satisfeito,Mais ou menos satisfeito,Muito satisfeito,Muito satisfeito,Mais ou menos satisfeito,Mais ou menos satisfeito,"Nem satisfeito, nem insatisfeito","Nem satisfeito, nem insatisfeito",Mais ou menos satisfeito,Ter mais aulas práticas e mais monitores,O método da Professora
5/29/2020 13:03:28,Sim,ENGENHARIA DE PETRÓLEO - Diurno,Muito satisfeito,Mais ou menos satisfeito,Mais ou menos satisfeito,Mais ou menos satisfeito,Muito satisfeito,Muito satisfeito,Mais ou menos satisfeito,"Nem satisfeito, nem insatisfeito",Mais ou menos satisfeito,Mais ou menos satisfeito,Mais ou menos satisfeito,Muito satisfeito,Mais ou menos satisfeito,Mais ou menos satisfeito,Mais ou menos satisfeito,,
5/29/2020 14:41:10,Sim,ENGENHARIA DE PETRÓLEO - Diurno,Mais ou menos satisfeito,"Nem satisfeito, nem insatisfeito",Mais ou menos satisfeito,Mais ou menos satisfeito,Mais ou menos satisfeito,Mais ou menos insatisfeito,Mais ou menos satisfeito,Mais ou menos satisfeito,Mais ou menos satisfeito,Mais ou menos satisfeito,Mais ou menos satisfeito,Mais ou menos satisfeito,Mais ou menos satisfeito,Mais ou menos satisfeito,Mais ou menos satisfeito,,
5/29/2020 14:56:17,Sim,ENGENHARIA DE PETRÓLEO - Diurno,Muito satisfeito,"Nem satisfeito, nem insatisfeito",Muito insatisfeito,Muito insatisfeito,Muito satisfeito,Muito insatisfeito,Mais ou menos insatisfeito,Muito insatisfeito,Muito insatisfeito,Mais ou menos insatisfeito,Muito insatisfeito,"Nem satisfeito, nem insatisfeito",Muito satisfeito,Muito satisfeito,"Nem satisfeito, nem insatisfeito",,
5/29/2020 17:17:36,Sim,FÍSICA (BAC) - Diurno,Mais ou menos insatisfeito,"Nem satisfeito, nem insatisfeito","Nem satisfeito, nem insatisfeito","Nem satisfeito, nem insatisfeito","Nem satisfeito, nem insatisfeito","Nem satisfeito, nem insatisfeito",Muito satisfeito,Muito satisfeito,Muito satisfeito,Muito satisfeito,Muito satisfeito,Muito satisfeito,Muito satisfeito,Muito satisfeito,Muito satisfeito,"Eu paguei essa disciplina na terceira tentativa, a primeira foi com um professor que me fez chorar no primeiro mês de faculdade, professor x, ele não sabe falar com as pessoas, não é um bom profissional, dizia que queria ajudar mas so humilhava a pessoa, não aprendi nada com ele. Assumo que da segunda vez que paguei, foi com professor z, era uma turma a noite, tava difícil para mim me dedicar, foi culpa minha. Da terceira vez foi com professor y e uma professora b, perfeitos, sem defeitos algum, aprendi direitinho, aposto que se tivesse pago com eles eu estaria satisfeita de primeira, sabe qual foi a diferença também? Que era PYTHON muito melhor que MATLAB, apesar de não ter muitas diferenças na linguagem em sí, a funcionalidade e facilidade que Python trás é muito boa. Resumindo, o problema foi o professor x...","Aprendi que com dedicação e ajuda eu posso aprender a programar, devo isso muito aos meus amigos de CC, obrigada por existirem <3"
5/29/2020 18:25:59,Sim,ENGENHARIA DE PETRÓLEO - Diurno,Muito satisfeito,"Nem satisfeito, nem insatisfeito",Muito insatisfeito,Muito insatisfeito,Muito satisfeito,Muito insatisfeito,Mais ou menos insatisfeito,Muito insatisfeito,Muito insatisfeito,Mais ou menos insatisfeito,Muito insatisfeito,"Nem satisfeito, nem insatisfeito",Muito satisfeito,Muito satisfeito,"Nem satisfeito, nem insatisfeito",,
5/29/2020 21:33:10,Sim,ENGENHARIA DE PETRÓLEO - Diurno,Muito insatisfeito,Muito insatisfeito,Muito insatisfeito,Muito insatisfeito,Muito insatisfeito,Muito insatisfeito,Muito insatisfeito,Muito insatisfeito,Muito insatisfeito,Muito insatisfeito,Muito insatisfeito,"Nem satisfeito, nem insatisfeito","Nem satisfeito, nem insatisfeito","Nem satisfeito, nem insatisfeito","Nem satisfeito, nem insatisfeito","A forma como a disciplina é lecionada não é suficiente para dar ao aluno uma nova habilidade computacional ou, pelo menos, acrescentar em seus aprendizados na área. É importante que o aluno durante o curso de graduação obtenha o nível básico de programação computacional, bem como, conhecimentos básicos de computação.",
5/29/2020 22:46:22,Sim,ENGENHARIA DE PETRÓLEO - Diurno,"Nem satisfeito, nem insatisfeito",Muito insatisfeito,Muito satisfeito,Mais ou menos insatisfeito,Mais ou menos satisfeito,Muito satisfeito,Mais ou menos satisfeito,Mais ou menos satisfeito,Mais ou menos satisfeito,Mais ou menos satisfeito,Mais ou menos satisfeito,Muito satisfeito,"Nem satisfeito, nem insatisfeito",Mais ou menos satisfeito,Mais ou menos satisfeito,"Se possível, disponibilizar mais disciplinas de computação, programação e afins para todas as engenharias, apenas ICC não ajuda a se desenvolver como profissionais",Monitoria competente e muito bem preparado 
5/30/2020 11:28:38,Sim,ENGENHARIA DE PETRÓLEO - Diurno,Muito satisfeito,Mais ou menos satisfeito,Mais ou menos satisfeito,Mais ou menos satisfeito,Muito satisfeito,"Nem satisfeito, nem insatisfeito",Muito satisfeito,Muito satisfeito,Mais ou menos satisfeito,Mais ou menos satisfeito,Mais ou menos satisfeito,Mais ou menos satisfeito,"Nem satisfeito, nem insatisfeito","Nem satisfeito, nem insatisfeito","Nem satisfeito, nem insatisfeito","Como a disciplina é ministrada no começo do curso, os alunos recém chegados da universidade não tem noção do quanto a mesma será importante para a sua formação e, portanto, cursam tal cadeira sem dar a devida atenção. Metodologias devem ser criadas para estimular os discentes a empenhar-se mais para esta cadeira.",
5/30/2020 22:25:38,Sim,ENGENHARIA CIVIL - Diurno,Mais ou menos satisfeito,"Nem satisfeito, nem insatisfeito",Muito satisfeito,Mais ou menos satisfeito,Mais ou menos satisfeito,Mais ou menos satisfeito,Muito satisfeito,Muito satisfeito,Muito satisfeito,Muito satisfeito,Muito satisfeito,Muito satisfeito,Muito satisfeito,Muito satisfeito,Mais ou menos satisfeito,,
6/3/2020 1:56:19,Sim,FÍSICA (LIC) - Diurno,Mais ou menos satisfeito,Mais ou menos insatisfeito,Muito insatisfeito,Muito insatisfeito,Mais ou menos satisfeito,Mais ou menos satisfeito,Muito insatisfeito,Muito insatisfeito,Muito insatisfeito,Muito insatisfeito,Muito insatisfeito,Mais ou menos satisfeito,Mais ou menos insatisfeito,Mais ou menos satisfeito,Mais ou menos satisfeito,,
6/29/2020 8:26:13,Sim,ENGENHARIA DE PETRÓLEO - Diurno,Muito insatisfeito,Muito insatisfeito,Muito insatisfeito,Muito insatisfeito,Mais ou menos insatisfeito,Mais ou menos insatisfeito,Muito insatisfeito,Muito insatisfeito,Muito insatisfeito,Muito insatisfeito,Muito insatisfeito,Muito satisfeito,Muito insatisfeito,Muito satisfeito,Muito satisfeito,Retirar o professor c do grupo de docentes que ministra esta cadeira,Contar com muitos cursos online e ter um computador em minha residência
7/6/2020 14:27:58,Sim,MATEMÁTICA (LIC) - Diurno,Muito insatisfeito,Muito insatisfeito,Muito insatisfeito,Muito insatisfeito,Muito insatisfeito,Muito insatisfeito,Muito insatisfeito,Muito insatisfeito,Muito insatisfeito,Muito insatisfeito,Muito insatisfeito,Mais ou menos insatisfeito,Mais ou menos insatisfeito,Muito insatisfeito,Muito insatisfeito,"Além da disciplina não contribuir muito para a formação dos alunos do meu curso, ela também foi uma péssima experiência, por conta do professor.",Nada
7/6/2020 14:44:33,Sim,MATEMÁTICA (LIC) - Diurno,"Nem satisfeito, nem insatisfeito",Muito insatisfeito,"Nem satisfeito, nem insatisfeito","Nem satisfeito, nem insatisfeito",Mais ou menos insatisfeito,Mais ou menos insatisfeito,Muito insatisfeito,Mais ou menos insatisfeito,Muito insatisfeito,Muito insatisfeito,Mais ou menos insatisfeito,Mais ou menos insatisfeito,Muito insatisfeito,Mais ou menos insatisfeito,Mais ou menos insatisfeito,,
7/6/2020 14:53:47,Sim,ESTATÍSTICA - Diurno,Mais ou menos satisfeito,Mais ou menos insatisfeito,Mais ou menos insatisfeito,"Nem satisfeito, nem insatisfeito",Mais ou menos satisfeito,Mais ou menos insatisfeito,Mais ou menos insatisfeito,Mais ou menos satisfeito,"Nem satisfeito, nem insatisfeito",Mais ou menos satisfeito,Muito satisfeito,Mais ou menos satisfeito,Mais ou menos satisfeito,Mais ou menos insatisfeito,Muito insatisfeito,,
7/6/2020 14:54:19,Sim,ESTATÍSTICA - Diurno,Muito satisfeito,Muito satisfeito,Muito satisfeito,Mais ou menos satisfeito,Mais ou menos satisfeito,Mais ou menos insatisfeito,Muito satisfeito,Muito satisfeito,Muito satisfeito,Muito satisfeito,Muito satisfeito,Mais ou menos insatisfeito,Mais ou menos insatisfeito,Mais ou menos insatisfeito,Mais ou menos insatisfeito,Quando cursei essa disciplina o professor não teve tempo de trabalhar com o software R. Acredito que seja importante abordar este software na disciplina.,As discussões em sala de aula sobre as atividades práticas
7/6/2020 15:01:25,Sim,ESTATÍSTICA - Diurno,Mais ou menos satisfeito,Mais ou menos insatisfeito,"Nem satisfeito, nem insatisfeito",Muito insatisfeito,Muito insatisfeito,Mais ou menos insatisfeito,Muito insatisfeito,Muito insatisfeito,Muito insatisfeito,Muito insatisfeito,Mais ou menos insatisfeito,"Nem satisfeito, nem insatisfeito",Muito insatisfeito,Mais ou menos satisfeito,Mais ou menos satisfeito,Um plano de estudos focado em programação básica e que seja de fácil entendimento.,"Não. A disciplina foi ministrada por um péssimo professor (professor x), e garato que toda a turma não aprovou."
7/6/2020 15:54:09,Sim,METEOROLOGIA - Diurno,Muito satisfeito,Mais ou menos satisfeito,Muito satisfeito,"Nem satisfeito, nem insatisfeito",Muito satisfeito,Muito satisfeito,Muito insatisfeito,Mais ou menos insatisfeito,Muito satisfeito,Muito satisfeito,Muito satisfeito,Muito insatisfeito,Mais ou menos satisfeito,Muito satisfeito,Muito satisfeito,,O envio dos programas realizado no freemat para o professor isso contribui muito na assimilação do conteúdo 
7/6/2020 17:30:24,Sim,METEOROLOGIA - Diurno,Muito satisfeito,Mais ou menos satisfeito,Muito satisfeito,"Nem satisfeito, nem insatisfeito",Muito satisfeito,Muito satisfeito,Muito insatisfeito,Mais ou menos insatisfeito,Muito satisfeito,Muito satisfeito,Muito satisfeito,Muito insatisfeito,Mais ou menos satisfeito,Muito satisfeito,Muito satisfeito,,O envio dos programas realizado no freemat para o professor isso contribui muito na assimilação do conteúdo 
7/6/2020 19:33:22,Sim,ESTATÍSTICA - Diurno,"Nem satisfeito, nem insatisfeito","Nem satisfeito, nem insatisfeito",Mais ou menos satisfeito,Mais ou menos insatisfeito,"Nem satisfeito, nem insatisfeito",Mais ou menos satisfeito,Mais ou menos satisfeito,Mais ou menos insatisfeito,"Nem satisfeito, nem insatisfeito",Mais ou menos insatisfeito,Mais ou menos insatisfeito,"Nem satisfeito, nem insatisfeito",Mais ou menos satisfeito,Mais ou menos satisfeito,Mais ou menos satisfeito,,
7/24/2020 13:34:42,Sim,ENGENHARIA DE MATERIAIS - Diurno,Mais ou menos satisfeito,"Nem satisfeito, nem insatisfeito",Muito satisfeito,"Nem satisfeito, nem insatisfeito","Nem satisfeito, nem insatisfeito","Nem satisfeito, nem insatisfeito",Muito satisfeito,Mais ou menos satisfeito,"Nem satisfeito, nem insatisfeito",Mais ou menos satisfeito,Muito satisfeito,"Nem satisfeito, nem insatisfeito",Mais ou menos satisfeito,Muito satisfeito,Muito satisfeito,"Melhor aproveitamento do tempo da disciplina para as ferramentas e utilidades de pacotes digitais que facilitam a rotina de trabalho dos engenheiros, sendo um exemplo o Pacote Office.",Linguagem MatLab. 
7/24/2020 17:39:30,Sim,ENGENHARIA DE MATERIAIS - Diurno,Mais ou menos satisfeito,Mais ou menos satisfeito,Muito satisfeito,Mais ou menos satisfeito,Mais ou menos satisfeito,Muito satisfeito,Muito satisfeito,Muito satisfeito,Muito satisfeito,Mais ou menos satisfeito,Muito satisfeito,Mais ou menos satisfeito,Mais ou menos satisfeito,"Nem satisfeito, nem insatisfeito",Mais ou menos insatisfeito,"Eu tive a oportunidade de mudar para uma professora maravilhosa: professora b. Se outros professores fossem organizados e dedicados como ela, talvez a disciplina seria melhor para todos!","Sei executar programações simples com o Python, e, graças a disciplina, organizar planilhas com o Excel"
7/24/2020 19:07:18,Sim,ENGENHARIA DE MATERIAIS - Diurno,"Nem satisfeito, nem insatisfeito",Mais ou menos insatisfeito,Mais ou menos satisfeito,"Nem satisfeito, nem insatisfeito",Mais ou menos satisfeito,Muito satisfeito,Mais ou menos satisfeito,Mais ou menos satisfeito,Mais ou menos satisfeito,Mais ou menos satisfeito,Muito satisfeito,"Nem satisfeito, nem insatisfeito","Nem satisfeito, nem insatisfeito",Mais ou menos insatisfeito,Mais ou menos satisfeito,,
7/24/2020 22:23:03,Sim,ENGENHARIA DE ALIMENTOS - Diurno,Mais ou menos satisfeito,Mais ou menos satisfeito,Mais ou menos insatisfeito,Mais ou menos insatisfeito,Mais ou menos insatisfeito,Muito insatisfeito,Mais ou menos insatisfeito,"Nem satisfeito, nem insatisfeito","Nem satisfeito, nem insatisfeito",Mais ou menos insatisfeito,"Nem satisfeito, nem insatisfeito",Mais ou menos satisfeito,"Nem satisfeito, nem insatisfeito",Mais ou menos satisfeito,"Nem satisfeito, nem insatisfeito",Deveriam focar mais no que realmente o aluno irá usar no decorrer de sua formação e posteriormente,
7/24/2020 22:29:13,Sim,ENGENHARIA DE MATERIAIS - Diurno,Muito insatisfeito,"Nem satisfeito, nem insatisfeito",Muito insatisfeito,Muito insatisfeito,"Nem satisfeito, nem insatisfeito",Mais ou menos satisfeito,Muito insatisfeito,Mais ou menos insatisfeito,Mais ou menos insatisfeito,Mais ou menos insatisfeito,"Nem satisfeito, nem insatisfeito",Mais ou menos satisfeito,Muito insatisfeito,Muito satisfeito,Muito satisfeito,,
9/16/2020 17:09:04,Sim,ENGENHARIA DE ALIMENTOS - Diurno,Muito satisfeito,Mais ou menos insatisfeito,Muito satisfeito,Mais ou menos satisfeito,Muito satisfeito,Muito satisfeito,Mais ou menos satisfeito,Mais ou menos satisfeito,"Nem satisfeito, nem insatisfeito",Muito insatisfeito,Mais ou menos satisfeito,Mais ou menos satisfeito,Mais ou menos satisfeito,Muito satisfeito,Muito satisfeito,,
9/16/2020 19:56:12,Sim,ENGENHARIA DE ALIMENTOS - Diurno,Mais ou menos satisfeito,Muito insatisfeito,Muito insatisfeito,Muito insatisfeito,Mais ou menos insatisfeito,Mais ou menos insatisfeito,Muito insatisfeito,Muito insatisfeito,Muito insatisfeito,Muito insatisfeito,Muito insatisfeito,Muito insatisfeito,Muito insatisfeito,Muito insatisfeito,Muito insatisfeito,,
9/27/2020 14:18:24,Sim,ENGENHARIA DE ALIMENTOS - Diurno,Mais ou menos satisfeito,Muito satisfeito,Muito satisfeito,Mais ou menos satisfeito,Muito satisfeito,Mais ou menos satisfeito,Mais ou menos satisfeito,Mais ou menos satisfeito,Mais ou menos satisfeito,Muito satisfeito,"Nem satisfeito, nem insatisfeito",Muito satisfeito,Mais ou menos satisfeito,"Nem satisfeito, nem insatisfeito",Muito satisfeito,"poderiam manda mais material de apoio, como indicação de videos aulas.","a aprendizagem no uso de planilhas eletrônicas
"